-2.000000000000000000e+01,0.000000000000000000e+00,1.159968669526278973e-04,3.637978807091712952e-12
-2.000000000000000000e+01,4.081632653061224580e-01,1.157450606115162373e-04,-5.923891876591369510e-06
-2.000000000000000000e+01,8.163265306122449161e-01,1.149975869338959455e-04,-1.180797698907554150e-05
-2.000000000000000000e+01,1.224489795918367374e+00,1.137433937401510775e-04,-1.760863233357667923e-05
-2.000000000000000000e+01,1.632653061224489832e+00,1.119980879593640566e-04,-2.330136157979723066e-05
-2.000000000000000000e+01,2.040816326530612290e+00,1.097831991501152515e-04,-2.883186243707314134e-05
-2.000000000000000000e+01,2.448979591836734748e+00,1.071148144546896219e-04,-3.417090556467883289e-05
-2.000000000000000000e+01,2.857142857142857206e+00,1.040178467519581318e-04,-3.927575744455680251e-05
-2.000000000000000000e+01,3.265306122448979664e+00,1.005161175271496177e-04,-4.413366696098819375e-05
-2.000000000000000000e+01,3.673469387755102122e+00,9.664267417974770069e-05,-4.869237454840913415e-05
-2.000000000000000000e+01,4.081632653061224580e+00,9.242835949407890439e-05,-5.295940354699268937e-05
-2.000000000000000000e+01,4.489795918367347483e+00,8.790554420556873083e-05,-5.689206227543763816e-05
-2.000000000000000000e+01,4.897959183673469497e+00,8.311762940138578415e-05,-6.046162161510437727e-05
-2.000000000000000000e+01,5.306122448979591510e+00,7.809430098859593272e-05,-6.367668538587167859e-05
-2.000000000000000000e+01,5.714285714285714413e+00,7.288002234417945147e-05,-6.651034345850348473e-05
-2.000000000000000000e+01,6.122448979591837315e+00,6.750802276656031609e-05,-6.897069397382438183e-05
-2.000000000000000000e+01,6.530612244897959329e+00,6.202202348504215479e-05,-7.104389806045219302e-05
-2.000000000000000000e+01,6.938775510204081343e+00,5.646409408655017614e-05,-7.271917274920269847e-05
-2.000000000000000000e+01,7.346938775510204245e+00,5.086331293568946421e-05,-7.402741175610572100e-05
-2.000000000000000000e+01,7.755102040816327147e+00,4.526610428001731634e-05,-7.494767487514764071e-05
-2.000000000000000000e+01,8.163265306122449161e+00,3.969883982790634036e-05,-7.550939335487782955e-05
-2.000000000000000000e+01,8.571428571428571175e+00,3.419981294427998364e-05,-7.571367314085364342e-05
-2.000000000000000000e+01,8.979591836734694965e+00,2.880120882764458656e-05,-7.558015204267576337e-05
-2.000000000000000000e+01,9.387755102040816979e+00,2.352273622818756849e-05,-7.513312448281794786e-05
-2.000000000000000000e+01,9.795918367346938993e+00,1.840336699387989938e-05,-7.437801104970276356e-05
-2.000000000000000000e+01,1.020408163265306101e+01,1.345844430034048855e-05,-7.334240217460319400e-05
-2.000000000000000000e+01,1.061224489795918302e+01,8.719864126760512590e-06,-7.205001747934147716e-05
-2.000000000000000000e+01,1.102040816326530681e+01,4.186740625300444663e-06,-7.051046850392594934e-05
-2.000000000000000000e+01,1.142857142857142883e+01,-1.276621333090588450e-07,-6.877331907162442803e-05
-2.000000000000000000e+01,1.183673469387755084e+01,-4.200157491140998900e-06,-6.684522668365389109e-05
-2.000000000000000000e+01,1.224489795918367463e+01,-8.019156666705384851e-06,-6.474892143160104752e-05
-2.000000000000000000e+01,1.265306122448979664e+01,-1.158448685600887984e-05,-6.251499144127592444e-05
-2.000000000000000000e+01,1.306122448979591866e+01,-1.489742317062336951e-05,-6.016100087435916066e-05
-2.000000000000000000e+01,1.346938775510204067e+01,-1.793856790754944086e-05,-5.770648931502364576e-05
-2.000000000000000000e+01,1.387755102040816269e+01,-2.072801908070687205e-05,-5.517858880921266973e-05
-2.000000000000000000e+01,1.428571428571428648e+01,-2.326316280232276767e-05,-5.260566831566393375e-05
-2.000000000000000000e+01,1.469387755102040849e+01,-2.554528327891603112e-05,-4.999301017960533500e-05
-2.000000000000000000e+01,1.510204081632653050e+01,-2.758298978733364493e-05,-4.736364280688576400e-05
-2.000000000000000000e+01,1.551020408163265429e+01,-2.938290890597272664e-05,-4.472730142879299819e-05
-2.000000000000000000e+01,1.591836734693877631e+01,-3.095754800597205758e-05,-4.211267150822095573e-05
-2.000000000000000000e+01,1.632653061224489832e+01,-3.231194932595826685e-05,-3.952765837311744690e-05
-2.000000000000000000e+01,1.673469387755102034e+01,-3.346212179167196155e-05,-3.698518412420526147e-05
-2.000000000000000000e+01,1.714285714285714235e+01,-3.440940417931415141e-05,-3.448956340434961021e-05
-2.000000000000000000e+01,1.755102040816326436e+01,-3.517969162203371525e-05,-3.204928725608624518e-05
-2.000000000000000000e+01,1.795918367346938993e+01,-3.577461029635742307e-05,-2.968907574540935457e-05
-2.000000000000000000e+01,1.836734693877551194e+01,-3.620495772338472307e-05,-2.739312003541272134e-05
-2.000000000000000000e+01,1.877551020408163396e+01,-3.649756399681791663e-05,-2.518608744139783084e-05
-2.000000000000000000e+01,1.918367346938775597e+01,-3.664138421299867332e-05,-2.305737507413141429e-05
-2.000000000000000000e+01,1.959183673469387799e+01,-3.666322663775645196e-05,-2.101562495226971805e-05
-2.000000000000000000e+01,2.000000000000000000e+01,-3.657885099528357387e-05,-1.907260957523249090e-05
-1.918367346938775597e+01,0.000000000000000000e+00,1.341813767794519663e-04,3.637978807091712952e-12
-1.918367346938775597e+01,4.081632653061224580e-01,1.338705187663435936e-04,-7.054892193991690874e-06
-1.918367346938775597e+01,8.163265306122449161e-01,1.329403457930311561e-04,-1.405103466822765768e-05
-1.918367346938775597e+01,1.224489795918367374e+00,1.313999382546171546e-04,-2.094528099405579269e-05
-1.918367346938775597e+01,1.632653061224489832e+00,1.292651722906157374e-04,-2.769482853182125837e-05
-1.918367346938775597e+01,2.040816326530612290e+00,1.265551982214674354e-04,-3.425180329941213131e-05
-1.918367346938775597e+01,2.448979591836734748e+00,1.232923532370477915e-04,-4.055943645653314888e-05
-1.918367346938775597e+01,2.857142857142857206e+00,1.195092918351292610e-04,-4.658842954086139798e-05
-1.918367346938775597e+01,3.265306122448979664e+00,1.152374534285627306e-04,-5.229948874330148101e-05
-1.918367346938775597e+01,3.673469387755102122e+00,1.105170013033784926e-04,-5.765542300650849938e-05
-1.918367346938775597e+01,4.081632653061224580e+00,1.053891464835032821e-04,-6.262243550736457109e-05
-1.918367346938775597e+01,4.489795918367347483e+00,9.989942191168665886e-05,-6.717591895721852779e-05
-1.918367346938775597e+01,4.897959183673469497e+00,9.408712503500282764e-05,-7.129959703888744116e-05
-1.918367346938775597e+01,5.306122448979591510e+00,8.800862269708886743e-05,-7.496825128328055143e-05
-1.918367346938775597e+01,5.714285714285714413e+00,8.170912042260169983e-05,-7.817249570507556200e-05
-1.918367346938775597e+01,6.122448979591837315e+00,7.523936801590025425e-05,-8.091325435088947415e-05
-1.918367346938775597e+01,6.530612244897959329e+00,6.864173337817192078e-05,-8.318119216710329056e-05
-1.918367346938775597e+01,6.938775510204081343e+00,6.197910988703370094e-05,-8.496552618453279138e-05
-1.918367346938775597e+01,7.346938775510204245e+00,5.528651672648265958e-05,-8.628603245597332716e-05
-1.918367346938775597e+01,7.755102040816327147e+00,4.861483830609358847e-05,-8.715809963177889585e-05
-1.918367346938775597e+01,8.163265306122449161e+00,4.200429975753650069e-05,-8.757863542996346951e-05
-1.918367346938775597e+01,8.571428571428571175e+00,3.549816756276413798e-05,-8.758241892792284489e-05
-1.918367346938775597e+01,8.979591836734694965e+00,2.913645766966510564e-05,-8.718360913917422295e-05
-1.918367346938775597e+01,9.387755102040816979e+00,2.294348996656481177e-05,-8.639992302050814033e-05
-1.918367346938775597e+01,9.795918367346938993e+00,1.696104664006270468e-05,-8.526189776603132486e-05
-1.918367346938775597e+01,1.020408163265306101e+01,1.120443266700021923e-05,-8.379829523619264364e-05
-1.918367346938775597e+01,1.061224489795918302e+01,5.710649929824285209e-06,-8.203271863749250770e-05
-1.918367346938775597e+01,1.102040816326530681e+01,4.929861461278051138e-07,-8.000023808563128114e-05
-1.918367346938775597e+01,1.142857142857142883e+01,-4.433033609529957175e-06,-7.772644312353804708e-05
-1.918367346938775597e+01,1.183673469387755084e+01,-9.054929250851273537e-06,-7.523962267441675067e-05
-1.918367346938775597e+01,1.224489795918367463e+01,-1.336399145657196641e-05,-7.257979450514540076e-05
-1.918367346938775597e+01,1.265306122448979664e+01,-1.734398756525479257e-05,-6.976290751481428742e-05
-1.918367346938775597e+01,1.306122448979591866e+01,-2.101564496115315706e-05,-6.683880201308056712e-05
-1.918367346938775597e+01,1.346938775510204067e+01,-2.436589056742377579e-05,-6.381174898706376553e-05
-1.918367346938775597e+01,1.387755102040816269e+01,-2.739527008088771254e-05,-6.071740426705218852e-05
-1.918367346938775597e+01,1.428571428571428648e+01,-3.011175795109011233e-05,-5.757664621341973543e-05
-1.918367346938775597e+01,1.469387755102040849e+01,-3.252485839766450226e-05,-5.441420580609701574e-05
-1.918367346938775597e+01,1.510204081632653050e+01,-3.464601468294858932e-05,-5.125961979501880705e-05
-1.918367346938775597e+01,1.551020408163265429e+01,-3.648884739959612489e-05,-4.812235420104116201e-05
-1.918367346938775597e+01,1.591836734693877631e+01,-3.806272798101417720e-05,-4.502354931901209056e-05
-1.918367346938775597e+01,1.632653061224489832e+01,-3.937481233151629567e-05,-4.197842281428165734e-05
-1.918367346938775597e+01,1.673469387755102034e+01,-4.045235255034640431e-05,-3.899568400811403990e-05
-1.918367346938775597e+01,1.714285714285714235e+01,-4.130616434849798679e-05,-3.609461782616563141e-05
-1.918367346938775597e+01,1.755102040816326436e+01,-4.194603752694092691e-05,-3.327704325783997774e-05
-1.918367346938775597e+01,1.795918367346938993e+01,-4.239420377416536212e-05,-3.056018977076746523e-05
-1.918367346938775597e+01,1.836734693877551194e+01,-4.265577445039525628e-05,-2.793923704302869737e-05
-1.918367346938775597e+01,1.877551020408163396e+01,-4.276369145372882485e-05,-2.543043592595495284e-05
-1.918367346938775597e+01,1.918367346938775597e+01,-4.271150100976228714e-05,-2.303259498148690909e-05
-1.918367346938775597e+01,1.959183673469387799e+01,-4.253747465554624796e-05,-2.075452175631653517e-05
-1.918367346938775597e+01,2.000000000000000000e+01,-4.223627183819189668e-05,-1.858268660726025701e-05
-1.836734693877551194e+01,0.000000000000000000e+00,1.559260417707264423e-04,-3.637978807091712952e-12
-1.836734693877551194e+01,4.081632653061224580e-01,1.555420312797650695e-04,-8.425544365309178829e-06
-1.836734693877551194e+01,8.163265306122449161e-01,1.543985708849504590e-04,-1.679754132055677474e-05
-1.836734693877551194e+01,1.224489795918367374e+00,1.525011321064084768e-04,-2.503456926206126809e-05
-1.836734693877551194e+01,1.632653061224489832e+00,1.498760830145329237e-04,-3.308704617666080594e-05
-1.836734693877551194e+01,2.040816326530612290e+00,1.465432869736105204e-04,-4.088848800165578723e-05
-1.836734693877551194e+01,2.448979591836734748e+00,1.425345108145847917e-04,-4.839305620407685637e-05
-1.836734693877551194e+01,2.857142857142857206e+00,1.378895831294357777e-04,-5.553926894208416343e-05
-1.836734693877551194e+01,3.265306122448979664e+00,1.326512428931891918e-04,-6.228668644325807691e-05
-1.836734693877551194e+01,3.673469387755102122e+00,1.268704509129747748e-04,-6.857998960185796022e-05
-1.836734693877551194e+01,4.081632653061224580e+00,1.205997541546821594e-04,-7.439871842507272959e-05
-1.836734693877551194e+01,4.489795918367347483e+00,1.138944790000095963e-04,-7.969294529175385833e-05
-1.836734693877551194e+01,4.897959183673469497e+00,1.068135316018015146e-04,-8.445601270068436861e-05
-1.836734693877551194e+01,5.306122448979591510e+00,9.941895405063405633e-05,-8.865356358001008630e-05
-1.836734693877551194e+01,5.714285714285714413e+00,9.177713218377903104e-05,-9.227081318385899067e-05
-1.836734693877551194e+01,6.122448979591837315e+00,8.393987081944942474e-05,-9.531575051369145513e-05
-1.836734693877551194e+01,6.530612244897959329e+00,7.598142838105559349e-05,-9.776501974556595087e-05
-1.836734693877551194e+01,6.938775510204081343e+00,6.795549415983259678e-05,-9.964386845240369439e-05
-1.836734693877551194e+01,7.346938775510204245e+00,5.992568185320124030e-05,-1.009442057693377137e-04
-1.836734693877551194e+01,7.755102040816327147e+00,5.193957986193709075e-05,-1.017000031424686313e-04
-1.836734693877551194e+01,8.163265306122449161e+00,4.406221705721691251e-05,-1.019180126604624093e-04
-1.836734693877551194e+01,8.571428571428571175e+00,3.633806772995740175e-05,-1.016176975099369884e-04
-1.836734693877551194e+01,8.979591836734694965e+00,2.880647662095725536e-05,-1.008469480439089239e-04
-1.836734693877551194e+01,9.387755102040816979e+00,2.152059641957748681e-05,-9.961985051631927490e-05
-1.836734693877551194e+01,9.795918367346938993e+00,1.451289244869258255e-05,-9.797034726943820715e-05
-1.836734693877551194e+01,1.020408163265306101e+01,7.817174264346249402e-06,-9.593817958375439048e-05
-1.836734693877551194e+01,1.061224489795918302e+01,1.451669959351420403e-06,-9.356294322060421109e-05
-1.836734693877551194e+01,1.102040816326530681e+01,-4.544785042526200414e-06,-9.088145452551543713e-05
-1.836734693877551194e+01,1.142857142857142883e+01,-1.017786416923627257e-05,-8.792703738436102867e-05
-1.836734693877551194e+01,1.183673469387755084e+01,-1.541533856652677059e-05,-8.474339119857177138e-05
-1.836734693877551194e+01,1.224489795918367463e+01,-2.026178844971582294e-05,-8.136622636811807752e-05
-1.836734693877551194e+01,1.265306122448979664e+01,-2.470045728841796517e-05,-7.783477485645562410e-05
-1.836734693877551194e+01,1.306122448979591866e+01,-2.874691563192754984e-05,-7.418606401188299060e-05
-1.836734693877551194e+01,1.346938775510204067e+01,-3.240290971007198095e-05,-7.045162055874243379e-05
-1.836734693877551194e+01,1.387755102040816269e+01,-3.566432133084163070e-05,-6.666296394541859627e-05
-1.836734693877551194e+01,1.428571428571428648e+01,-3.855114482576027513e-05,-6.284871051320806146e-05
-1.836734693877551194e+01,1.469387755102040849e+01,-4.106517008040100336e-05,-5.903148121433332562e-05
-1.836734693877551194e+01,1.510204081632653050e+01,-4.323493340052664280e-05,-5.524675725609995425e-05
-1.836734693877551194e+01,1.551020408163265429e+01,-4.506748518906533718e-05,-5.150660581421107054e-05
-1.836734693877551194e+01,1.591836734693877631e+01,-4.658992838812991977e-05,-4.784275006386451423e-05
-1.836734693877551194e+01,1.632653061224489832e+01,-4.780642484547570348e-05,-4.425673250807449222e-05
-1.836734693877551194e+01,1.673469387755102034e+01,-4.874736623605713248e-05,-4.077517951373010874e-05
-1.836734693877551194e+01,1.714285714285714235e+01,-4.943185194861143827e-05,-3.741002365131862462e-05
-1.836734693877551194e+01,1.755102040816326436e+01,-4.987966531189158559e-05,-3.416448817006312311e-05
-1.836734693877551194e+01,1.795918367346938993e+01,-5.010713721276260912e-05,-3.104836650891229510e-05
-1.836734693877551194e+01,1.836734693877551194e+01,-5.013155168853700161e-05,-2.807099008350633085e-05
-1.836734693877551194e+01,1.877551020408163396e+01,-4.998879012418910861e-05,-2.523687362554483116e-05
-1.836734693877551194e+01,1.918367346938775597e+01,-4.967668792232871056e-05,-2.254307582916226238e-05
-1.836734693877551194e+01,1.959183673469387799e+01,-4.922139851259998977e-05,-1.999187588808126748e-05
-1.836734693877551194e+01,2.000000000000000000e+01,-4.864290531259030104e-05,-1.759128645062446594e-05
-1.755102040816326436e+01,0.000000000000000000e+00,1.821286859922111034e-04,0.000000000000000000e+00
-1.755102040816326436e+01,4.081632653061224580e-01,1.816521980799734592e-04,-1.013941437122412026e-05
-1.755102040816326436e+01,8.163265306122449161e-01,1.802311162464320660e-04,-2.018917075474746525e-05
-1.755102040816326436e+01,1.224489795918367374e+00,1.778871519491076469e-04,-3.007905979757197201e-05
-1.755102040816326436e+01,1.632653061224489832e+00,1.746333437040448189e-04,-3.973718048655427992e-05
-1.755102040816326436e+01,2.040816326530612290e+00,1.705088216112926602e-04,-4.907951370114460588e-05
-1.755102040816326436e+01,2.448979591836734748e+00,1.655539381317794323e-04,-5.803969906992278993e-05
-1.755102040816326436e+01,2.857142857142857206e+00,1.598207600181922317e-04,-6.655354809481650591e-05
-1.755102040816326436e+01,3.265306122448979664e+00,1.533585600554943085e-04,-7.455168815795332193e-05
-1.755102040816326436e+01,3.673469387755102122e+00,1.462383515900000930e-04,-8.199660805985331535e-05
-1.755102040816326436e+01,4.081632653061224580e+00,1.385280193062499166e-04,-8.881609392119571567e-05
-1.755102040816326436e+01,4.489795918367347483e+00,1.302977761952206492e-04,-9.500583837507292628e-05
-1.755102040816326436e+01,4.897959183673469497e+00,1.216223317896947265e-04,-1.005087251542136073e-04
-1.755102040816326436e+01,5.306122448979591510e+00,1.125798662542365491e-04,-1.053193991538137197e-04
-1.755102040816326436e+01,5.714285714285714413e+00,1.032542641041800380e-04,-1.094003382604569197e-04
-1.755102040816326436e+01,6.122448979591837315e+00,9.372849308419972658e-05,-1.127641371567733586e-04
-1.755102040816326436e+01,6.530612244897959329e+00,8.406864071730524302e-05,-1.154071505879983306e-04
-1.755102040816326436e+01,6.938775510204081343e+00,7.436207670252770185e-05,-1.173360506072640419e-04
-1.755102040816326436e+01,7.346938775510204245e+00,6.468104402301833034e-05,-1.185547735076397657e-04
-1.755102040816326436e+01,7.755102040816327147e+00,5.509030597750097513e-05,-1.191030823974870145e-04
-1.755102040816326436e+01,8.163265306122449161e+00,4.566645657178014517e-05,-1.189991744467988610e-04
-1.755102040816326436e+01,8.571428571428571175e+00,3.646214827313087881e-05,-1.182855557999573648e-04
-1.755102040816326436e+01,8.979591836734694965e+00,2.754149500105995685e-05,-1.169756578747183084e-04
-1.755102040816326436e+01,9.387755102040816979e+00,1.894462184282019734e-05,-1.151490650954656303e-04
-1.755102040816326436e+01,9.795918367346938993e+00,1.072392842615954578e-05,-1.128072253777645528e-04
-1.755102040816326436e+01,1.020408163265306101e+01,2.907963789766654372e-06,-1.100406007026322186e-04
-1.755102040816326436e+01,1.061224489795918302e+01,-4.464054654818028212e-06,-1.068695346475578845e-04
-1.755102040816326436e+01,1.102040816326530681e+01,-1.137124127126298845e-05,-1.033487860695458949e-04
-1.755102040816326436e+01,1.142857142857142883e+01,-1.780024831532500684e-05,-9.952999243978410959e-05
-1.755102040816326436e+01,1.183673469387755084e+01,-2.372951348661445081e-05,-9.545891953166574240e-05
-1.755102040816326436e+01,1.224489795918367463e+01,-2.915475488407537341e-05,-9.118579328060150146e-05
-1.755102040816326436e+01,1.265306122448979664e+01,-3.408507109270431101e-05,-8.675488061271607876e-05
-1.755102040816326436e+01,1.306122448979591866e+01,-3.852168811135925353e-05,-8.222411997849121690e-05
-1.755102040816326436e+01,1.346938775510204067e+01,-4.247285687597468495e-05,-7.762072345940396190e-05
-1.755102040816326436e+01,1.387755102040816269e+01,-4.593303310684859753e-05,-7.297108095372095704e-05
-1.755102040816326436e+01,1.428571428571428648e+01,-4.894677476841025054e-05,-6.833811494288966060e-05
-1.755102040816326436e+01,1.469387755102040849e+01,-5.151308141648769379e-05,-6.374251097440719604e-05
-1.755102040816326436e+01,1.510204081632653050e+01,-5.367073026718571782e-05,-5.920560579397715628e-05
-1.755102040816326436e+01,1.551020408163265429e+01,-5.542470171349123120e-05,-5.476152000483125448e-05
-1.755102040816326436e+01,1.591836734693877631e+01,-5.680748290615156293e-05,-5.043322016717866063e-05
-1.755102040816326436e+01,1.632653061224489832e+01,-5.785168104921467602e-05,-4.623333006747998297e-05
-1.755102040816326436e+01,1.673469387755102034e+01,-5.857336509507149458e-05,-4.217511741444468498e-05
-1.755102040816326436e+01,1.714285714285714235e+01,-5.900118412682786584e-05,-3.827697219094261527e-05
-1.755102040816326436e+01,1.755102040816326436e+01,-5.916839290875941515e-05,-3.455657497397623956e-05
-1.755102040816326436e+01,1.795918367346938993e+01,-5.908746970817446709e-05,-3.100594040006399155e-05
-1.755102040816326436e+01,1.836734693877551194e+01,-5.879489981452934444e-05,-2.763396332738921046e-05
-1.755102040816326436e+01,1.877551020408163396e+01,-5.830826921737752855e-05,-2.444566780468448997e-05
-1.755102040816326436e+01,1.918367346938775597e+01,-5.764770685345865786e-05,-2.143826350220479071e-05
-1.755102040816326436e+01,1.959183673469387799e+01,-5.683999188477173448e-05,-1.862039061961695552e-05
-1.755102040816326436e+01,2.000000000000000000e+01,-5.590521323028951883e-05,-1.597826121724210680e-05
-1.673469387755102034e+01,0.000000000000000000e+00,2.138791605830192566e-04,-7.275957614183425903e-12
-1.673469387755102034e+01,4.081632653061224580e-01,2.132870431523770094e-04,-1.224537845700979233e-05
-1.673469387755102034e+01,8.163265306122449161e-01,2.115198294632136822e-04,-2.440057141939178109e-05
-1.673469387755102034e+01,1.224489795918367374e+00,2.085935993818566203e-04,-3.635309258243069053e-05
-1.673469387755102034e+01,1.632653061224489832e+00,2.045447763521224260e-04,-4.799496309715323150e-05
-1.673469387755102034e+01,2.040816326530612290e+00,1.994108752114698291e-04,-5.923345452174544334e-05
-1.673469387755102034e+01,2.448979591836734748e+00,1.932501181727275252e-04,-6.998815661063417792e-05
-1.673469387755102034e+01,2.857142857142857206e+00,1.861269120126962662e-04,-8.017935033421963453e-05
-1.673469387755102034e+01,3.265306122448979664e+00,1.781088358256965876e-04,-8.971942588686943054e-05
-1.673469387755102034e+01,3.673469387755102122e+00,1.692945661488920450e-04,-9.853563824435696006e-05
-1.673469387755102034e+01,4.081632653061224580e+00,1.597507216501981020e-04,-1.065948235918767750e-04
-1.673469387755102034e+01,4.489795918367347483e+00,1.495919132139533758e-04,-1.138317893492057920e-04
-1.673469387755102034e+01,4.897959183673469497e+00,1.389035169268026948e-04,-1.202142957481555641e-04
-1.673469387755102034e+01,5.306122448979591510e+00,1.277902047149837017e-04,-1.257207331946119666e-04
-1.673469387755102034e+01,5.714285714285714413e+00,1.163537162938155234e-04,-1.303207682212814689e-04
-1.673469387755102034e+01,6.122448979591837315e+00,1.047019759425893426e-04,-1.340271992376074195e-04
-1.673469387755102034e+01,6.530612244897959329e+00,9.292765025747939944e-05,-1.368211087537929416e-04
-1.673469387755102034e+01,6.938775510204081343e+00,8.112777140922844410e-05,-1.387422234984114766e-04
-1.673469387755102034e+01,7.346938775510204245e+00,6.940844468772411346e-05,-1.397912419633939862e-04
-1.673469387755102034e+01,7.755102040816327147e+00,5.784571112599223852e-05,-1.400086912326514721e-04
-1.673469387755102034e+01,8.163265306122449161e+00,4.652602729038335383e-05,-1.394332211930304766e-04
-1.673469387755102034e+01,8.571428571428571175e+00,3.552325870259664953e-05,-1.381173351546749473e-04
-1.673469387755102034e+01,8.979591836734694965e+00,2.491234045010060072e-05,-1.360993046546354890e-04
-1.673469387755102034e+01,9.387755102040816979e+00,1.474813689128495753e-05,-1.334419212071225047e-04
-1.673469387755102034e+01,9.795918367346938993e+00,5.079407856101170182e-06,-1.302028103964403272e-04
-1.673469387755102034e+01,1.020408163265306101e+01,-4.046378307975828648e-06,-1.264452148461714387e-04
-1.673469387755102034e+01,1.061224489795918302e+01,-1.259021155419759452e-05,-1.222347054863348603e-04
-1.673469387755102034e+01,1.102040816326530681e+01,-2.053476782748475671e-05,-1.176342993858270347e-04
-1.673469387755102034e+01,1.142857142857142883e+01,-2.786095501505769789e-05,-1.127030263887718320e-04
-1.673469387755102034e+01,1.183673469387755084e+01,-3.455334081081673503e-05,-1.075059917639009655e-04
-1.673469387755102034e+01,1.224489795918367463e+01,-4.061180879944004118e-05,-1.021060015773400664e-04
-1.673469387755102034e+01,1.265306122448979664e+01,-4.603382330969907343e-05,-9.655553731136023998e-05
-1.673469387755102034e+01,1.306122448979591866e+01,-5.084870281280018389e-05,-9.091706306207925081e-05
-1.673469387755102034e+01,1.346938775510204067e+01,-5.505730587174184620e-05,-8.524450822733342648e-05
-1.673469387755102034e+01,1.387755102040816269e+01,-5.868792140972800553e-05,-7.957228081068024039e-05
-1.673469387755102034e+01,1.428571428571428648e+01,-6.175410817377269268e-05,-7.394430576823651791e-05
-1.673469387755102034e+01,1.469387755102040849e+01,-6.429798668250441551e-05,-6.840461719548329711e-05
-1.673469387755102034e+01,1.510204081632653050e+01,-6.633940211031585932e-05,-6.298221705947071314e-05
-1.673469387755102034e+01,1.551020408163265429e+01,-6.792025669710710645e-05,-5.770934876636601985e-05
-1.673469387755102034e+01,1.591836734693877631e+01,-6.906055205035954714e-05,-5.260265606921166182e-05
-1.673469387755102034e+01,1.632653061224489832e+01,-6.981064507272094488e-05,-4.768897997564636171e-05
-1.673469387755102034e+01,1.673469387755102034e+01,-7.019811164354905486e-05,-4.298347630538046360e-05
-1.673469387755102034e+01,1.714285714285714235e+01,-7.025457307463511825e-05,-3.849740824080072343e-05
-1.673469387755102034e+01,1.755102040816326436e+01,-7.001425547059625387e-05,-3.423589805606752634e-05
-1.673469387755102034e+01,1.795918367346938993e+01,-6.951361865503713489e-05,-3.021285738213919103e-05
-1.673469387755102034e+01,1.836734693877551194e+01,-6.877914711367338896e-05,-2.641795254021417350e-05
-1.673469387755102034e+01,1.877551020408163396e+01,-6.784559082007035613e-05,-2.286178096255753189e-05
-1.673469387755102034e+01,1.918367346938775597e+01,-6.673156894976273179e-05,-1.953117134689819068e-05
-1.673469387755102034e+01,1.959183673469387799e+01,-6.546618533320724964e-05,-1.643173527554608881e-05
-1.673469387755102034e+01,2.000000000000000000e+01,-6.408226909115910530e-05,-1.356133452645735815e-05
-1.591836734693877631e+01,0.000000000000000000e+00,2.526243624743074179e-04,-3.637978807091712952e-12
-1.591836734693877631e+01,4.081632653061224580e-01,2.518781984690576792e-04,-1.490426438977010548e-05
-1.591836734693877631e+01,8.163265306122449161e-01,2.496587694622576237e-04,-2.967654654639773071e-05
-1.591836734693877631e+01,1.224489795918367374e+00,2.459928218740969896e-04,-4.418695243657566607e-05
-1.591836734693877631e+01,1.632653061224489832e+00,2.409113658359274268e-04,-5.830689042340964079e-05
-1.591836734693877631e+01,2.040816326530612290e+00,2.344821987207978964e-04,-7.192241901066154242e-05
-1.591836734693877631e+01,2.448979591836734748e+00,2.267731761094182730e-04,-8.489740866934880614e-05
-1.591836734693877631e+01,2.857142857142857206e+00,2.178648137487471104e-04,-9.715068154036998749e-05
-1.591836734693877631e+01,3.265306122448979664e+00,2.078610996250063181e-04,-1.085848634829744697e-04
-1.591836734693877631e+01,3.673469387755102122e+00,1.968657743418589234e-04,-1.191020346595905721e-04
-1.591836734693877631e+01,4.081632653061224580e+00,1.849955588113516569e-04,-1.286209881072863936e-04
-1.591836734693877631e+01,4.489795918367347483e+00,1.723782625049352646e-04,-1.371263060718774796e-04
-1.591836734693877631e+01,4.897959183673469497e+00,1.591314794495701790e-04,-1.445343805244192481e-04
-1.591836734693877631e+01,5.306122448979591510e+00,1.453925797250121832e-04,-1.508483255747705698e-04
-1.591836734693877631e+01,5.714285714285714413e+00,1.312931126449257135e-04,-1.560074015287682414e-04
-1.591836734693877631e+01,6.122448979591837315e+00,1.169660390587523580e-04,-1.600525283720344305e-04
-1.591836734693877631e+01,6.530612244897959329e+00,1.025365709210745990e-04,-1.629628968657925725e-04
-1.591836734693877631e+01,6.938775510204081343e+00,8.813963358988985419e-05,-1.647568860789760947e-04
-1.591836734693877631e+01,7.346938775510204245e+00,7.387482764897868037e-05,-1.655007945373654366e-04
-1.591836734693877631e+01,7.755102040816327147e+00,5.986994437989778817e-05,-1.652185019338503480e-04
-1.591836734693877631e+01,8.163265306122449161e+00,4.621714469976723194e-05,-1.639721158426254988e-04
-1.591836734693877631e+01,8.571428571428571175e+00,3.302704863017424941e-05,-1.618045207578688860e-04
-1.591836734693877631e+01,8.979591836734694965e+00,2.036306250374764204e-05,-1.588048035046085715e-04
-1.591836734693877631e+01,9.387755102040816979e+00,8.313902071677148342e-06,-1.550372981000691652e-04
-1.591836734693877631e+01,9.795918367346938993e+00,-3.071585524594411254e-06,-1.505944674136117101e-04
-1.591836734693877631e+01,1.020408163265306101e+01,-1.373797567794099450e-05,-1.455387100577354431e-04
-1.591836734693877631e+01,1.061224489795918302e+01,-2.364115061936900020e-05,-1.399727480020374060e-04
-1.591836734693877631e+01,1.102040816326530681e+01,-3.276512143202126026e-05,-1.339731097687035799e-04
-1.591836734693877631e+01,1.142857142857142883e+01,-4.108939174329861999e-05,-1.276198599953204393e-04
-1.591836734693877631e+01,1.183673469387755084e+01,-4.860440458287484944e-05,-1.209878755616955459e-04
-1.591836734693877631e+01,1.224489795918367463e+01,-5.532448631129227579e-05,-1.141667526098899543e-04
-1.591836734693877631e+01,1.265306122448979664e+01,-6.124975334387272596e-05,-1.072179875336587429e-04
-1.591836734693877631e+01,1.306122448979591866e+01,-6.639970524702221155e-05,-1.002156204776838422e-04
-1.591836734693877631e+01,1.346938775510204067e+01,-7.081392686814069748e-05,-9.322687401436269283e-05
-1.591836734693877631e+01,1.387755102040816269e+01,-7.450672273989766836e-05,-8.628641080576926470e-05
-1.591836734693877631e+01,1.428571428571428648e+01,-7.753762474749237299e-05,-7.947587437229231000e-05
-1.591836734693877631e+01,1.469387755102040849e+01,-7.992149767233058810e-05,-7.280088902916759253e-05
-1.591836734693877631e+01,1.510204081632653050e+01,-8.172424713848158717e-05,-6.633178418269380927e-05
-1.591836734693877631e+01,1.551020408163265429e+01,-8.297788008349016309e-05,-6.008755008224397898e-05
-1.591836734693877631e+01,1.591836734693877631e+01,-8.372860611416399479e-05,-5.408983997767791152e-05
-1.591836734693877631e+01,1.632653061224489832e+01,-8.403594256378710270e-05,-4.837092274101451039e-05
-1.591836734693877631e+01,1.673469387755102034e+01,-8.391628216486424208e-05,-4.292570520192384720e-05
-1.591836734693877631e+01,1.714285714285714235e+01,-8.344772504642605782e-05,-3.779038888751529157e-05
-1.591836734693877631e+01,1.755102040816326436e+01,-8.265434007626026869e-05,-3.294517227914184332e-05
-1.591836734693877631e+01,1.795918367346938993e+01,-8.157789852702990174e-05,-2.840713568730279803e-05
-1.591836734693877631e+01,1.836734693877551194e+01,-8.026017167139798403e-05,-2.417820178379770368e-05
-1.591836734693877631e+01,1.877551020408163396e+01,-7.873153663240373135e-05,-2.023336492129601538e-05
-1.591836734693877631e+01,1.918367346938775597e+01,-7.703786104684695601e-05,-1.659033296164125204e-05
-1.591836734693877631e+01,1.959183673469387799e+01,-7.519705104641616344e-05,-1.322674688708502799e-05
-1.591836734693877631e+01,2.000000000000000000e+01,-7.324109901674091816e-05,-1.012515622278442606e-05
-1.510204081632653050e+01,0.000000000000000000e+00,3.002082812599837780e-04,-7.275957614183425903e-12
-1.510204081632653050e+01,4.081632653061224580e-01,2.992726222146302462e-04,-1.824963692342862487e-05
-1.510204081632653050e+01,8.163265306122449161e-01,2.964731247629970312e-04,-3.632082734839059412e-05
-1.510204081632653050e+01,1.224489795918367374e+00,2.918391255661845207e-04,-5.404736657510511577e-05
-1.510204081632653050e+01,1.632653061224489832e+00,2.854277554433792830e-04,-7.128528523026034236e-05
-1.510204081632653050e+01,2.040816326530612290e+00,2.773217565845698118e-04,-8.784726378507912159e-05
-1.510204081632653050e+01,2.448979591836734748e+00,2.676044823601841927e-04,-1.036187750287353992e-04
-1.510204081632653050e+01,2.857142857142857206e+00,2.563957241363823414e-04,-1.184406282845884562e-04
-1.510204081632653050e+01,3.265306122448979664e+00,2.438229275867342949e-04,-1.321952295256778598e-04
-1.510204081632653050e+01,3.673469387755102122e+00,2.300285850651562214e-04,-1.447821850888431072e-04
-1.510204081632653050e+01,4.081632653061224580e+00,2.151646185666322708e-04,-1.561136887175962329e-04
-1.510204081632653050e+01,4.489795918367347483e+00,1.993956102523952723e-04,-1.661137794144451618e-04
-1.510204081632653050e+01,4.897959183673469497e+00,1.828804670367389917e-04,-1.747531496221199632e-04
-1.510204081632653050e+01,5.306122448979591510e+00,1.657945977058261633e-04,-1.819587341742590070e-04
-1.510204081632653050e+01,5.714285714285714413e+00,1.483134110458195210e-04,-1.877360482467338443e-04
-1.510204081632653050e+01,6.122448979591837315e+00,1.306005869992077351e-04,-1.920751674333587289e-04
-1.510204081632653050e+01,6.530612244897959329e+00,1.128209987655282021e-04,-1.950165024027228355e-04
-1.510204081632653050e+01,6.938775510204081343e+00,9.514538396615535021e-05,-1.965687406482174993e-04
-1.510204081632653050e+01,7.346938775510204245e+00,7.771309174131602049e-05,-1.967995194718241692e-04
-1.510204081632653050e+01,7.755102040816327147e+00,6.067291542422026396e-05,-1.957563945325091481e-04
-1.510204081632653050e+01,8.163265306122449161e+00,4.415025978232733905e-05,-1.935268519446253777e-04
-1.510204081632653050e+01,8.571428571428571175e+00,2.826814670697785914e-05,-1.901891519082710147e-04
-1.510204081632653050e+01,8.979591836734694965e+00,1.311528831138275564e-05,-1.858407194958999753e-04
-1.510204081632653050e+01,9.387755102040816979e+00,-1.199688995257019997e-06,-1.805804204195737839e-04
-1.510204081632653050e+01,9.795918367346938993e+00,-1.463097578380256891e-05,-1.745295012369751930e-04
-1.510204081632653050e+01,1.020408163265306101e+01,-2.710613989620469511e-05,-1.677698746789246798e-04
-1.510204081632653050e+01,1.061224489795918302e+01,-3.857772026094608009e-05,-1.604324934305623174e-04
-1.510204081632653050e+01,1.102040816326530681e+01,-4.903748049400746822e-05,-1.526191190350800753e-04
-1.510204081632653050e+01,1.142857142857142883e+01,-5.845846681040711701e-05,-1.444303488824516535e-04
-1.510204081632653050e+01,1.183673469387755084e+01,-6.684410618618130684e-05,-1.359740708721801639e-04
-1.510204081632653050e+01,1.224489795918367463e+01,-7.422290218528360128e-05,-1.273605594178661704e-04
-1.510204081632653050e+01,1.265306122448979664e+01,-8.059892570599913597e-05,-1.186621084343641996e-04
-1.510204081632653050e+01,1.306122448979591866e+01,-8.601680747233331203e-05,-1.099666842492297292e-04
-1.510204081632653050e+01,1.346938775510204067e+01,-9.051308734342455864e-05,-1.013489090837538242e-04
-1.510204081632653050e+01,1.387755102040816269e+01,-9.414159285370260477e-05,-9.288693399867042899e-05
-1.510204081632653050e+01,1.428571428571428648e+01,-9.695636254036799073e-05,-8.462979894829913974e-05
-1.510204081632653050e+01,1.469387755102040849e+01,-9.902074089040979743e-05,-7.663154974579811096e-05
-1.510204081632653050e+01,1.510204081632653050e+01,-1.003769284579902887e-04,-6.892799137858673930e-05
-1.510204081632653050e+01,1.551020408163265429e+01,-1.011018684948794544e-04,-6.155412120278924704e-05
-1.510204081632653050e+01,1.591836734693877631e+01,-1.012650900520384312e-04,-5.454548590932972729e-05
-1.510204081632653050e+01,1.632653061224489832e+01,-1.009012339636683464e-04,-4.790713137481361628e-05
-1.510204081632653050e+01,1.673469387755102034e+01,-1.000929332803934813e-04,-4.165700374869629741e-05
-1.510204081632653050e+01,1.714285714285714235e+01,-9.888385829981416464e-05,-3.580444172257557511e-05
-1.510204081632653050e+01,1.755102040816326436e+01,-9.733779734233394265e-05,-3.034277324331924319e-05
-1.510204081632653050e+01,1.795918367346938993e+01,-9.549966489430516958e-05,-2.527614924474619329e-05
-1.510204081632653050e+01,1.836734693877551194e+01,-9.341361146653071046e-05,-2.059161124634556472e-05
-1.510204081632653050e+01,1.877551020408163396e+01,-9.113206033362075686e-05,-1.628308564249891788e-05
-1.510204081632653050e+01,1.918367346938775597e+01,-8.868140139384195209e-05,-1.233206603501457721e-05
-1.510204081632653050e+01,1.959183673469387799e+01,-8.610978693468496203e-05,-8.723903192731086165e-06
-1.510204081632653050e+01,2.000000000000000000e+01,-8.344956586370244622e-05,-5.453724043036345392e-06
-1.428571428571428470e+01,0.000000000000000000e+00,3.591096319723874331e-04,0.000000000000000000e+00
-1.428571428571428470e+01,4.081632653061224580e-01,3.579184412956237793e-04,-2.248128657811321318e-05
-1.428571428571428470e+01,8.163265306122449161e-01,3.543515631463378668e-04,-4.474024171940982342e-05
-1.428571428571428470e+01,1.224489795918367374e+00,3.484556218609213829e-04,-6.655083416262641549e-05
-1.428571428571428470e+01,1.632653061224489832e+00,3.403064620215445757e-04,-8.771898865234106779e-05
-1.428571428571428470e+01,2.040816326530612290e+00,3.300110111013054848e-04,-1.079961512004956603e-04
-1.428571428571428470e+01,2.448979591836734748e+00,3.176853060722351074e-04,-1.272658992093056440e-04
-1.428571428571428470e+01,2.857142857142857206e+00,3.034826950170099735e-04,-1.452864671591669321e-04
-1.428571428571428470e+01,3.265306122448979664e+00,2.875757054425776005e-04,-1.619392278371378779e-04
-1.428571428571428470e+01,3.673469387755102122e+00,2.701497869566082954e-04,-1.770913513610139489e-04
-1.428571428571428470e+01,4.081632653061224580e+00,2.514140796847641468e-04,-1.906103861983865499e-04
-1.428571428571428470e+01,4.489795918367347483e+00,2.315700985491275787e-04,-2.024369750870391726e-04
-1.428571428571428470e+01,4.897959183673469497e+00,2.108512126142159104e-04,-2.124950260622426867e-04
-1.428571428571428470e+01,5.306122448979591510e+00,1.894673041533678770e-04,-2.207284851465374231e-04
-1.428571428571428470e+01,5.714285714285714413e+00,1.676501997280865908e-04,-2.271495177410542965e-04
-1.428571428571428470e+01,6.122448979591837315e+00,1.456264435546472669e-04,-2.317509497515857220e-04
-1.428571428571428470e+01,6.530612244897959329e+00,1.236055395565927029e-04,-2.345570246689021587e-04
-1.428571428571428470e+01,6.938775510204081343e+00,1.017895483528263867e-04,-2.356417098781093955e-04
-1.428571428571428470e+01,7.346938775510204245e+00,8.036942745093256235e-05,-2.350653230678290129e-04
-1.428571428571428470e+01,7.755102040816327147e+00,5.954324296908453107e-05,-2.329069247934967279e-04
-1.428571428571428470e+01,8.163265306122449161e+00,3.946310607716441154e-05,-2.292910794494673610e-04
-1.428571428571428470e+01,8.571428571428571175e+00,2.026532456511631608e-05,-2.243286580778658390e-04
-1.428571428571428470e+01,8.979591836734694965e+00,2.081877028103917837e-06,-2.181417075917124748e-04
-1.428571428571428470e+01,9.387755102040816979e+00,-1.497580524301156402e-05,-2.108672051690518856e-04
-1.428571428571428470e+01,9.795918367346938993e+00,-3.083232149947434664e-05,-2.026477450272068381e-04
-1.428571428571428470e+01,1.020408163265306101e+01,-4.541550151770934463e-05,-1.936434273375198245e-04
-1.428571428571428470e+01,1.061224489795918302e+01,-5.869435335625894368e-05,-1.839826436480507255e-04
-1.428571428571428470e+01,1.102040816326530681e+01,-7.063324301270768046e-05,-1.738150313030928373e-04
-1.428571428571428470e+01,1.142857142857142883e+01,-8.123679435811936855e-05,-1.632692874409258366e-04
-1.428571428571428470e+01,1.183673469387755084e+01,-9.051260713022202253e-05,-1.524908730061724782e-04
-1.428571428571428470e+01,1.224489795918367463e+01,-9.849831985775381327e-05,-1.415944425389170647e-04
-1.428571428571428470e+01,1.265306122448979664e+01,-1.052299485309049487e-04,-1.306965859839692712e-04
-1.428571428571428470e+01,1.306122448979591866e+01,-1.107745920307934284e-04,-1.199110774905420840e-04
-1.428571428571428470e+01,1.346938775510204067e+01,-1.151689793914556503e-04,-1.093087412300519645e-04
-1.428571428571428470e+01,1.387755102040816269e+01,-1.185131113743409514e-04,-9.899184806272387505e-05
-1.428571428571428470e+01,1.428571428571428648e+01,-1.208717585541307926e-04,-8.900336251826956868e-05
-1.428571428571428470e+01,1.469387755102040849e+01,-1.223421422764658928e-04,-7.942714728415012360e-05
-1.428571428571428470e+01,1.510204081632653050e+01,-1.229888875968754292e-04,-7.028955587884411216e-05
-1.428571428571428470e+01,1.551020408163265429e+01,-1.228980399901047349e-04,-6.162031058920547366e-05
-1.428571428571428470e+01,1.591836734693877631e+01,-1.221800193889066577e-04,-5.346477337297983468e-05
-1.428571428571428470e+01,1.632653061224489832e+01,-1.208697431138716638e-04,-4.580589302349835634e-05
-1.428571428571428470e+01,1.673469387755102034e+01,-1.190858456538990140e-04,-3.868181738653220236e-05
-1.428571428571428470e+01,1.714285714285714235e+01,-1.168752351077273488e-04,-3.207487316103652120e-05
-1.428571428571428470e+01,1.755102040816326436e+01,-1.143205881817266345e-04,-2.597314232843928039e-05
-1.428571428571428470e+01,1.795918367346938993e+01,-1.114838451030664146e-04,-2.038046659436076880e-05
-1.428571428571428470e+01,1.836734693877551194e+01,-1.083941533579491079e-04,-1.526475898572243750e-05
-1.428571428571428470e+01,1.877551020408163396e+01,-1.051432773238047957e-04,-1.061491002474213019e-05
-1.428571428571428470e+01,1.918367346938775597e+01,-1.017591857817023993e-04,-6.417117219825740904e-06
-1.428571428571428470e+01,1.959183673469387799e+01,-9.826193854678422213e-05,-2.621663952595554292e-06
-1.428571428571428470e+01,2.000000000000000000e+01,-9.473161480855196714e-05,7.738653948763385415e-07
-1.346938775510204067e+01,0.000000000000000000e+00,4.325740155763924122e-04,-1.455191522836685181e-11
-1.346938775510204067e+01,4.081632653061224580e-01,4.310478980187326670e-04,-2.789306745398789644e-05
-1.346938775510204067e+01,8.163265306122449161e-01,4.264761519152671099e-04,-5.549256820813752711e-05
-1.346938775510204067e+01,1.224489795918367374e+00,4.189239116385579109e-04,-8.251355029642581940e-05
-1.346938775510204067e+01,1.632653061224489832e+00,4.084896354470402002e-04,-1.086715637939050794e-04
-1.346938775510204067e+01,2.040816326530612290e+00,3.953069390263408422e-04,-1.336986315436661243e-04
-1.346938775510204067e+01,2.448979591836734748e+00,3.795503289438784122e-04,-1.573576446389779449e-04
-1.346938775510204067e+01,2.857142857142857206e+00,3.614190791267901659e-04,-1.794276467990130186e-04
-1.346938775510204067e+01,3.265306122448979664e+00,3.411475918255746365e-04,-1.996977225644513965e-04
-1.346938775510204067e+01,3.673469387755102122e+00,3.189829585608094931e-04,-2.180105657316744328e-04
-1.346938775510204067e+01,4.081632653061224580e+00,2.951978822238743305e-04,-2.342192019568756223e-04
-1.346938775510204067e+01,4.489795918367347483e+00,2.700611657928675413e-04,-2.482289855834096670e-04
-1.346938775510204067e+01,4.897959183673469497e+00,2.438863157294690609e-04,-2.599422005005180836e-04
-1.346938775510204067e+01,5.306122448979591510e+00,2.169535437133163214e-04,-2.693379647098481655e-04
-1.346938775510204067e+01,5.714285714285714413e+00,1.895646564662456512e-04,-2.763834199868142605e-04
-1.346938775510204067e+01,6.122448979591837315e+00,1.620073016965761781e-04,-2.811236190609633923e-04
-1.346938775510204067e+01,6.530612244897959329e+00,1.345633354503661394e-04,-2.835835621226578951e-04
-1.346938775510204067e+01,6.938775510204081343e+00,1.074875035556033254e-04,-2.838719519786536694e-04
-1.346938775510204067e+01,7.346938775510204245e+00,8.104117296170443296e-05,-2.820774388965219259e-04
-1.346938775510204067e+01,7.755102040816327147e+00,5.545064777834340930e-05,-2.783160889521241188e-04
-1.346938775510204067e+01,8.163265306122449161e+00,3.092341648880392313e-05,-2.727367682382464409e-04
-1.346938775510204067e+01,8.571428571428571175e+00,7.642454875167459249e-06,-2.654986456036567688e-04
-1.346938775510204067e+01,8.979591836734694965e+00,-1.424870424671098590e-05,-2.568033814895898104e-04
-1.346938775510204067e+01,9.387755102040816979e+00,-3.460716106928884983e-05,-2.468052261974662542e-04
-1.346938775510204067e+01,9.795918367346938993e+00,-5.335139576345682144e-05,-2.357127377763390541e-04
-1.346938775510204067e+01,1.020408163265306101e+01,-7.040185300866141915e-05,-2.237151056760922074e-04
-1.346938775510204067e+01,1.061224489795918302e+01,-8.571855141781270504e-05,-2.110060886479914188e-04
-1.346938775510204067e+01,1.102040816326530681e+01,-9.928563667926937342e-05,-1.977664069272577763e-04
-1.346938775510204067e+01,1.142857142857142883e+01,-1.111190504161641002e-04,-1.841858611442148685e-04
-1.346938775510204067e+01,1.183673469387755084e+01,-1.212420756928622723e-04,-1.704263850115239620e-04
-1.346938775510204067e+01,1.224489795918367463e+01,-1.297203998547047377e-04,-1.566493447171524167e-04
-1.346938775510204067e+01,1.265306122448979664e+01,-1.366164360661059618e-04,-1.430016855010762811e-04
-1.346938775510204067e+01,1.306122448979591866e+01,-1.420179323758929968e-04,-1.296033442486077547e-04
-1.346938775510204067e+01,1.346938775510204067e+01,-1.460334315197542310e-04,-1.165820067399181426e-04
-1.346938775510204067e+01,1.387755102040816269e+01,-1.487555273342877626e-04,-1.040084171108901501e-04
-1.346938775510204067e+01,1.428571428571428648e+01,-1.503139355918392539e-04,-9.198076440952718258e-05
-1.346938775510204067e+01,1.469387755102040849e+01,-1.508081186329945922e-04,-8.054008503677323461e-05
-1.346938775510204067e+01,1.510204081632653050e+01,-1.503453240729868412e-04,-6.974427378736436367e-05
-1.346938775510204067e+01,1.551020408163265429e+01,-1.490712602389976382e-04,-5.961964052403345704e-05
-1.346938775510204067e+01,1.591836734693877631e+01,-1.470674324082210660e-04,-5.017963849240913987e-05
-1.346938775510204067e+01,1.632653061224489832e+01,-1.444463268853724003e-04,-4.143087426200509071e-05
-1.346938775510204067e+01,1.673469387755102034e+01,-1.413123682141304016e-04,-3.337504676892422140e-05
-1.346938775510204067e+01,1.714285714285714235e+01,-1.377588341711089015e-04,-2.600993684609420598e-05
-1.346938775510204067e+01,1.755102040816326436e+01,-1.338678412139415741e-04,-1.928342680912464857e-05
-1.346938775510204067e+01,1.795918367346938993e+01,-1.297050621360540390e-04,-1.319369766861200333e-05
-1.346938775510204067e+01,1.836734693877551194e+01,-1.253505033673718572e-04,-7.704473318881355226e-06
-1.346938775510204067e+01,1.877551020408163396e+01,-1.208564572152681649e-04,-2.789625796140171587e-06
-1.346938775510204067e+01,1.918367346938775597e+01,-1.162972112069837749e-04,1.587859514984302223e-06
-1.346938775510204067e+01,1.959183673469387799e+01,-1.116918283514678478e-04,5.465708454721607268e-06
-1.346938775510204067e+01,2.000000000000000000e+01,-1.070934376912191510e-04,8.874183549778535962e-06
-1.265306122448979664e+01,0.000000000000000000e+00,5.250100512057542801e-04,0.000000000000000000e+00
-1.265306122448979664e+01,4.081632653061224580e-01,5.230245878919959068e-04,-3.485943307168781757e-05
-1.265306122448979664e+01,8.163265306122449161e-01,5.171120865270495415e-04,-6.933377881068736315e-05
-1.265306122448979664e+01,1.224489795918367374e+00,5.073433858342468739e-04,-1.030433413689024746e-04
-1.265306122448979664e+01,1.632653061224489832e+00,4.938714555464684963e-04,-1.356145949102938175e-04
-1.265306122448979664e+01,2.040816326530612290e+00,4.768687649630010128e-04,-1.666925236349925399e-04
-1.265306122448979664e+01,2.448979591836734748e+00,4.565654671750962734e-04,-1.959664659807458520e-04
-1.265306122448979664e+01,2.857142857142857206e+00,4.332505050115287304e-04,-2.231446414953097701e-04
-1.265306122448979664e+01,3.265306122448979664e+00,4.072148585692048073e-04,-2.479592803865671158e-04
-1.265306122448979664e+01,3.673469387755102122e+00,3.788110334426164627e-04,-2.702046767808496952e-04
-1.265306122448979664e+01,4.081632653061224580e+00,3.483885666355490685e-04,-2.897176600527018309e-04
-1.265306122448979664e+01,4.489795918367347483e+00,3.163321816828101873e-04,-3.063454059883952141e-04
-1.265306122448979664e+01,4.897959183673469497e+00,2.830328885465860367e-04,-3.200179198756814003e-04
-1.265306122448979664e+01,5.306122448979591510e+00,2.488747995812445879e-04,-3.306755970697849989e-04
-1.265306122448979664e+01,5.714285714285714413e+00,2.142547455150634050e-04,-3.383353177923709154e-04
-1.265306122448979664e+01,6.122448979591837315e+00,1.795465941540896893e-04,-3.429862845223397017e-04
-1.265306122448979664e+01,6.530612244897959329e+00,1.451216958230361342e-04,-3.447790804784744978e-04
-1.265306122448979664e+01,6.938775510204081343e+00,1.113223916036076844e-04,-3.437879495322704315e-04
-1.265306122448979664e+01,7.346938775510204245e+00,7.848044333513826132e-05,-3.401516005396842957e-04
-1.265306122448979664e+01,7.755102040816327147e+00,4.688051922130398452e-05,-3.340590337757021189e-04
-1.265306122448979664e+01,8.163265306122449161e+00,1.679226261330768466e-05,-3.257285861764103174e-04
-1.265306122448979664e+01,8.571428571428571175e+00,-1.156535290647298098e-05,-3.153678262606263161e-04
-1.265306122448979664e+01,8.979591836734694965e+00,-3.799796104431152344e-05,-3.032250097021460533e-04
-1.265306122448979664e+01,9.387755102040816979e+00,-6.234706233954057097e-05,-2.895406796596944332e-04
-1.265306122448979664e+01,9.795918367346938993e+00,-8.451661415165290236e-05,-2.745767706073820591e-04
-1.265306122448979664e+01,1.020408163265306101e+01,-1.044182063196785748e-04,-2.586032496765255928e-04
-1.265306122448979664e+01,1.061224489795918302e+01,-1.220151752931997180e-04,-2.418589137960225344e-04
-1.265306122448979664e+01,1.102040816326530681e+01,-1.373224076814949512e-04,-2.246238291263580322e-04
-1.265306122448979664e+01,1.142857142857142883e+01,-1.503602106822654605e-04,-2.071029157377779484e-04
-1.265306122448979664e+01,1.183673469387755084e+01,-1.611973711987957358e-04,-1.895225577754899859e-04
-1.265306122448979664e+01,1.224489795918367463e+01,-1.699320564512163401e-04,-1.721092849038541317e-04
-1.265306122448979664e+01,1.265306122448979664e+01,-1.766698987921699882e-04,-1.550049200886860490e-04
-1.265306122448979664e+01,1.306122448979591866e+01,-1.815551950130611658e-04,-1.383962808176875114e-04
-1.265306122448979664e+01,1.346938775510204067e+01,-1.847152307163923979e-04,-1.223861036123707891e-04
-1.265306122448979664e+01,1.387755102040816269e+01,-1.863358193077147007e-04,-1.071204314939677715e-04
-1.265306122448979664e+01,1.428571428571428648e+01,-1.865455560619011521e-04,-9.265901462640613317e-05
-1.265306122448979664e+01,1.469387755102040849e+01,-1.855144510045647621e-04,-7.905681559350341558e-05
-1.265306122448979664e+01,1.510204081632653050e+01,-1.834145805332809687e-04,-6.637616752414032817e-05
-1.265306122448979664e+01,1.551020408163265429e+01,-1.803996128728613257e-04,-5.462535773403942585e-05
-1.265306122448979664e+01,1.591836734693877631e+01,-1.765990746207535267e-04,-4.380411701276898384e-05
-1.265306122448979664e+01,1.632653061224489832e+01,-1.721599110169336200e-04,-3.392480357433669269e-05
-1.265306122448979664e+01,1.673469387755102034e+01,-1.672079670242965221e-04,-2.493304964445997030e-05
-1.265306122448979664e+01,1.714285714285714235e+01,-1.618650276213884354e-04,-1.683615118963643909e-05
-1.265306122448979664e+01,1.755102040816326436e+01,-1.562168326927348971e-04,-9.548290108796209097e-06
-1.265306122448979664e+01,1.795918367346938993e+01,-1.503654930274933577e-04,-3.067894795094616711e-06
-1.265306122448979664e+01,1.836734693877551194e+01,-1.443833170924335718e-04,2.679329554666765034e-06
-1.265306122448979664e+01,1.877551020408163396e+01,-1.383610506309196353e-04,7.728214768576435745e-06
-1.265306122448979664e+01,1.918367346938775597e+01,-1.323246688116341829e-04,1.214850271935574710e-05
-1.265306122448979664e+01,1.959183673469387799e+01,-1.263592712348327041e-04,1.596371475898195058e-05
-1.265306122448979664e+01,2.000000000000000000e+01,-1.204640357173047960e-04,1.925995456986129284e-05
-1.183673469387755084e+01,0.000000000000000000e+00,6.423569284379482269e-04,2.182787284255027771e-11
-1.183673469387755084e+01,4.081632653061224580e-01,6.397706456482410431e-04,-4.391032416606321931e-05
-1.183673469387755084e+01,8.163265306122449161e-01,6.320577231235802174e-04,-8.732679270906373858e-05
-1.183673469387755084e+01,1.224489795918367374e+00,6.193242734298110008e-04,-1.296995906159281731e-04
-1.183673469387755084e+01,1.632653061224489832e+00,6.017695413902401924e-04,-1.705553004285320640e-04
-1.183673469387755084e+01,2.040816326530612290e+00,5.796448094770312309e-04,-2.094220835715532303e-04
-1.183673469387755084e+01,2.448979591836734748e+00,5.532727809622883797e-04,-2.458822855260223150e-04
-1.183673469387755084e+01,2.857142857142857206e+00,5.230226088315248489e-04,-2.795691834762692451e-04
-1.183673469387755084e+01,3.265306122448979664e+00,4.893185105174779892e-04,-3.101353941019624472e-04
-1.183673469387755084e+01,3.673469387755102122e+00,4.526227130554616451e-04,-3.373070212546736002e-04
-1.183673469387755084e+01,4.081632653061224580e+00,4.134150221943855286e-04,-3.608891274780035019e-04
-1.183673469387755084e+01,4.489795918367347483e+00,3.722189867403358221e-04,-3.806886670645326376e-04
-1.183673469387755084e+01,4.897959183673469497e+00,3.295415081083774567e-04,-3.966149524785578251e-04
-1.183673469387755084e+01,5.306122448979591510e+00,2.859107626136392355e-04,-4.086392000317573547e-04
-1.183673469387755084e+01,5.714285714285714413e+00,2.418383664917200804e-04,-4.167474980931729078e-04
-1.183673469387755084e+01,6.122448979591837315e+00,1.978317159228026867e-04,-4.210349579807370901e-04
-1.183673469387755084e+01,6.530612244897959329e+00,1.543719990877434611e-04,-4.215922672301530838e-04
-1.183673469387755084e+01,6.938775510204081343e+00,1.119206935982219875e-04,-4.186136357020586729e-04
-1.183673469387755084e+01,7.346938775510204245e+00,7.087845733622089028e-05,-4.122871323488652706e-04
-1.183673469387755084e+01,7.755102040816327147e+00,3.164016379741951823e-05,-4.028838011436164379e-04
-1.183673469387755084e+01,8.163265306122449161e+00,-5.458947271108627319e-06,-3.906715719494968653e-04
-1.183673469387755084e+01,8.571428571428571175e+00,-4.013484431197866797e-05,-3.759535029530525208e-04
-1.183673469387755084e+01,8.979591836734694965e+00,-7.215807272586971521e-05,-3.590929845813661814e-04
-1.183673469387755084e+01,9.387755102040816979e+00,-1.013401706586591899e-04,-3.403972950764000416e-04
-1.183673469387755084e+01,9.795918367346938993e+00,-1.275612157769501209e-04,-3.202329680789262056e-04
-1.183673469387755084e+01,1.020408163265306101e+01,-1.507373817730695009e-04,-2.989552158396691084e-04
-1.183673469387755084e+01,1.061224489795918302e+01,-1.708351774141192436e-04,-2.768880804069340229e-04
-1.183673469387755084e+01,1.102040816326530681e+01,-1.879096671473234892e-04,-2.543816226534545422e-04
-1.183673469387755084e+01,1.142857142857142883e+01,-2.020302054006606340e-04,-2.317542821401730180e-04
-1.183673469387755084e+01,1.183673469387755084e+01,-2.132770314346998930e-04,-2.092591021209955215e-04
-1.183673469387755084e+01,1.224489795918367463e+01,-2.218499430455267429e-04,-1.871959830168634653e-04
-1.183673469387755084e+01,1.265306122448979664e+01,-2.278777974424883723e-04,-1.657509419601410627e-04
-1.183673469387755084e+01,1.306122448979591866e+01,-2.316100872121751308e-04,-1.451640564482659101e-04
-1.183673469387755084e+01,1.346938775510204067e+01,-2.332413860131055117e-04,-1.255564129678532481e-04
-1.183673469387755084e+01,1.387755102040816269e+01,-2.329856506548821926e-04,-1.070480502676218748e-04
-1.183673469387755084e+01,1.428571428571428648e+01,-2.311023417860269547e-04,-8.973250805865973234e-05
-1.183673469387755084e+01,1.469387755102040849e+01,-2.277944149682298303e-04,-7.368196384049952030e-05
-1.183673469387755084e+01,1.510204081632653050e+01,-2.232858096249401569e-04,-5.889885142096318305e-05
-1.183673469387755084e+01,1.551020408163265429e+01,-2.177959686378017068e-04,-4.539996371022425592e-05
-1.183673469387755084e+01,1.591836734693877631e+01,-2.114943490596488118e-04,-3.316412403364665806e-05
-1.183673469387755084e+01,1.632653061224489832e+01,-2.045800647465512156e-04,-2.215097993030212820e-05
-1.183673469387755084e+01,1.673469387755102034e+01,-1.971931196749210358e-04,-1.231259557243902236e-05
-1.183673469387755084e+01,1.714285714285714235e+01,-1.894743036245927215e-04,-3.583909347071312368e-06
-1.183673469387755084e+01,1.755102040816326436e+01,-1.815626164898276329e-04,4.090219590580090880e-06
-1.183673469387755084e+01,1.795918367346938993e+01,-1.735548721626400948e-04,1.080135371012147516e-05
-1.183673469387755084e+01,1.836734693877551194e+01,-1.655344240134581923e-04,1.660933412495069206e-05
-1.183673469387755084e+01,1.877551020408163396e+01,-1.575943169882521033e-04,2.159767063858453184e-05
-1.183673469387755084e+01,1.918367346938775597e+01,-1.497762714279815555e-04,2.583286004664842039e-05
-1.183673469387755084e+01,1.959183673469387799e+01,-1.421267515979707241e-04,2.939613113994710147e-05
-1.183673469387755084e+01,2.000000000000000000e+01,-1.347208017250522971e-04,3.234201358282007277e-05
-1.102040816326530503e+01,0.000000000000000000e+00,7.928608101792633533e-04,0.000000000000000000e+00
-1.102040816326530503e+01,4.081632653061224580e-01,7.894991431385278702e-04,-5.596331902779638767e-05
-1.102040816326530503e+01,8.163265306122449161e-01,7.792896940372884274e-04,-1.110852172132581472e-04
-1.102040816326530503e+01,1.224489795918367374e+00,7.624725694768130779e-04,-1.648004108574241400e-04
-1.102040816326530503e+01,1.632653061224489832e+00,7.393170380964875221e-04,-2.164526376873254776e-04
-1.102040816326530503e+01,2.040816326530612290e+00,7.103671669028699398e-04,-2.652363327797502279e-04
-1.102040816326530503e+01,2.448979591836734748e+00,6.755583453923463821e-04,-3.111280675511807203e-04
-1.102040816326530503e+01,2.857142857142857206e+00,6.359239341691136360e-04,-3.530890971887856722e-04
-1.102040816326530503e+01,3.265306122448979664e+00,5.918935639783740044e-04,-3.908851358573883772e-04
-1.102040816326530503e+01,3.673469387755102122e+00,5.440876702778041363e-04,-4.241795686539262533e-04
-1.102040816326530503e+01,4.081632653061224580e+00,4.931852454319596291e-04,-4.526959965005517006e-04
-1.102040816326530503e+01,4.489795918367347483e+00,4.398631572257727385e-04,-4.762526368722319603e-04
-1.102040816326530503e+01,4.897959183673469497e+00,3.848214109893888235e-04,-4.947347333654761314e-04
-1.102040816326530503e+01,5.306122448979591510e+00,3.287491272203624249e-04,-5.081268609501421452e-04
-1.102040816326530503e+01,5.714285714285714413e+00,2.723376965150237083e-04,-5.164522444829344749e-04
-1.102040816326530503e+01,6.122448979591837315e+00,2.162189921364188194e-04,-5.198429571464657784e-04
-1.102040816326530503e+01,6.530612244897959329e+00,1.610530307516455650e-04,-5.184508627280592918e-04
-1.102040816326530503e+01,6.938775510204081343e+00,1.074114188668318093e-04,-5.125275929458439350e-04
-1.102040816326530503e+01,7.346938775510204245e+00,5.583455640589818358e-05,-5.023566191084682941e-04
-1.102040816326530503e+01,7.755102040816327147e+00,6.821304850745946169e-06,-4.882948123849928379e-04
-1.102040816326530503e+01,8.163265306122449161e+00,-3.919784649042412639e-05,-4.707046609837561846e-04
-1.102040816326530503e+01,8.571428571428571175e+00,-8.184487523976713419e-05,-4.500228096731007099e-04
-1.102040816326530503e+01,8.979591836734694965e+00,-1.208325920742936432e-04,-4.266836331225931644e-04
-1.102040816326530503e+01,9.387755102040816979e+00,-1.559241936774924397e-04,-4.011773562524467707e-04
-1.102040816326530503e+01,9.795918367346938993e+00,-1.869836123660206795e-04,-3.739726962521672249e-04
-1.102040816326530503e+01,1.020408163265306101e+01,-2.139260177500545979e-04,-3.455578407738357782e-04
-1.102040816326530503e+01,1.061224489795918302e+01,-2.367399283684790134e-04,-3.163695801049470901e-04
-1.102040816326530503e+01,1.102040816326530681e+01,-2.554226957727223635e-04,-2.867736620828509331e-04
-1.102040816326530503e+01,1.142857142857142883e+01,-2.702586352825164795e-04,-2.574622922111302614e-04
-1.102040816326530503e+01,1.183673469387755084e+01,-2.813959436025470495e-04,-2.286413218826055527e-04
-1.102040816326530503e+01,1.224489795918367463e+01,-2.890575851779431105e-04,-2.006546419579535723e-04
-1.102040816326530503e+01,1.265306122448979664e+01,-2.935263328254222870e-04,-1.737867278279736638e-04
-1.102040816326530503e+01,1.306122448979591866e+01,-2.951199130620807409e-04,-1.482691150158643723e-04
-1.102040816326530503e+01,1.346938775510204067e+01,-2.941508719231933355e-04,-1.242852304130792618e-04
-1.102040816326530503e+01,1.387755102040816269e+01,-2.909525355789810419e-04,-1.019566479953937232e-04
-1.102040816326530503e+01,1.428571428571428648e+01,-2.858587540686130524e-04,-8.137989789247512817e-05
-1.102040816326530503e+01,1.469387755102040849e+01,-2.791814622469246387e-04,-6.257240602280944586e-05
-1.102040816326530503e+01,1.510204081632653050e+01,-2.712080895435065031e-04,-4.554487895802594721e-05
-1.102040816326530503e+01,1.551020408163265429e+01,-2.622279571369290352e-04,-3.025997284566983581e-05
-1.102040816326530503e+01,1.591836734693877631e+01,-2.524892333894968033e-04,-1.665245508775115013e-05
-1.102040816326530503e+01,1.632653061224489832e+01,-2.422148245386779308e-04,-4.649977199733257294e-06
-1.102040816326530503e+01,1.673469387755102034e+01,-2.315987512702122331e-04,5.856290954397991300e-06
-1.102040816326530503e+01,1.714285714285714235e+01,-2.208149962825700641e-04,1.495143442298285663e-05
-1.102040816326530503e+01,1.755102040816326436e+01,-2.099886332871392369e-04,2.275523365824483335e-05
-1.102040816326530503e+01,1.795918367346938993e+01,-1.992561592487618327e-04,2.939190744655206800e-05
-1.102040816326530503e+01,1.836734693877551194e+01,-1.887014659587293863e-04,3.495297278277575970e-05
-1.102040816326530503e+01,1.877551020408163396e+01,-1.784274936653673649e-04,3.955551073886454105e-05
-1.102040816326530503e+01,1.918367346938775597e+01,-1.684429444139823318e-04,4.331355739850550890e-05
-1.102040816326530503e+01,1.959183673469387799e+01,-1.588427694514393806e-04,4.629484465112909675e-05
-1.102040816326530503e+01,2.000000000000000000e+01,-1.496216573286801577e-04,4.862000423599965870e-05
-1.020408163265306101e+01,0.000000000000000000e+00,9.884299943223595619e-04,0.000000000000000000e+00
-1.020408163265306101e+01,4.081632653061224580e-01,9.838559199124574661e-04,-7.170756725827232003e-05
-1.020408163265306101e+01,8.163265306122449161e-01,9.702333481982350349e-04,-1.424068468622863293e-04
-1.020408163265306101e+01,1.224489795918367374e+00,9.476075647398829460e-04,-2.111732173943892121e-04
-1.020408163265306101e+01,1.632653061224489832e+00,9.167778189294040203e-04,-2.770675637293606997e-04
-1.020408163265306101e+01,2.040816326530612290e+00,8.780734497122466564e-04,-3.392520011402666569e-04
-1.020408163265306101e+01,2.448979591836734748e+00,8.321420755237340927e-04,-3.970133257098495960e-04
-1.020408163265306101e+01,2.857142857142857206e+00,7.797338766977190971e-04,-4.496921610552817583e-04
-1.020408163265306101e+01,3.265306122448979664e+00,7.216752856038510799e-04,-4.967597778886556625e-04
-1.020408163265306101e+01,3.673469387755102122e+00,6.588378455489873886e-04,-5.377921625040471554e-04
-1.020408163265306101e+01,4.081632653061224580e+00,5.918298847973346710e-04,-5.722809000872075558e-04
-1.020408163265306101e+01,4.489795918367347483e+00,5.222618929110467434e-04,-6.002648733556270599e-04
-1.020408163265306101e+01,4.897959183673469497e+00,4.507396370172500610e-04,-6.215888424776494503e-04
-1.020408163265306101e+01,5.306122448979591510e+00,3.782241838052868843e-04,-6.366150919348001480e-04
-1.020408163265306101e+01,5.714285714285714413e+00,3.053672262467443943e-04,-6.446910556405782700e-04
-1.020408163265306101e+01,6.122448979591837315e+00,2.333963348064571619e-04,-6.460472941398620605e-04
-1.020408163265306101e+01,6.530612244897959329e+00,1.628698810236528516e-04,-6.416074465960264206e-04
-1.020408163265306101e+01,6.938775510204081343e+00,9.462035086471587420e-05,-6.313475314527750015e-04
-1.020408163265306101e+01,7.346938775510204245e+00,2.901432162616401911e-05,-6.157122552394866943e-04
-1.020408163265306101e+01,7.755102040816327147e+00,-3.261165693402290344e-05,-5.949694896116852760e-04
-1.020408163265306101e+01,8.163265306122449161e+00,-9.002303704619407654e-05,-5.697787855751812458e-04
-1.020408163265306101e+01,8.571428571428571175e+00,-1.427390525350347161e-04,-5.407524877227842808e-04
-1.020408163265306101e+01,8.979591836734694965e+00,-1.903805241454392672e-04,-5.084749427624046803e-04
-1.020408163265306101e+01,9.387755102040816979e+00,-2.326370158698409796e-04,-4.735947586596012115e-04
-1.020408163265306101e+01,9.795918367346938993e+00,-2.693640708457678556e-04,-4.367773362901061773e-04
-1.020408163265306101e+01,1.020408163265306101e+01,-3.004821192007511854e-04,-3.987086238339543343e-04
-1.020408163265306101e+01,1.061224489795918302e+01,-3.260236699134111404e-04,-3.599906340241432190e-04
-1.020408163265306101e+01,1.102040816326530681e+01,-3.461317392066121101e-04,-3.212683077435940504e-04
-1.020408163265306101e+01,1.142857142857142883e+01,-3.610298153944313526e-04,-2.830971207004040480e-04
-1.020408163265306101e+01,1.183673469387755084e+01,-3.710541641339659691e-04,-2.459918614476919174e-04
-1.020408163265306101e+01,1.224489795918367463e+01,-3.764170396607369184e-04,-2.104139421135187149e-04
-1.020408163265306101e+01,1.265306122448979664e+01,-3.779331746045500040e-04,-1.767108478816226125e-04
-1.020408163265306101e+01,1.306122448979591866e+01,-3.758701204787939787e-04,-1.451567077310755849e-04
-1.020408163265306101e+01,1.346938775510204067e+01,-3.707095747813582420e-04,-1.159400053438730538e-04
-1.020408163265306101e+01,1.387755102040816269e+01,-3.629451384767889977e-04,-8.917319064494222403e-05
-1.020408163265306101e+01,1.428571428571428648e+01,-3.530443354975432158e-04,-6.493218825198709965e-05
-1.020408163265306101e+01,1.469387755102040849e+01,-3.414376988075673580e-04,-4.318593710195273161e-05
-1.020408163265306101e+01,1.510204081632653050e+01,-3.285327984485775232e-04,-2.387785571045242250e-05
-1.020408163265306101e+01,1.551020408163265429e+01,-3.147250099573284388e-04,-6.937472790013998747e-06
-1.020408163265306101e+01,1.591836734693877631e+01,-3.002795274369418621e-04,7.801045285305008292e-06
-1.020408163265306101e+01,1.632653061224489832e+01,-2.855138154700398445e-04,2.047117959591560066e-05
-1.020408163265306101e+01,1.673469387755102034e+01,-2.706568629946559668e-04,3.123847636743448675e-05
-1.020408163265306101e+01,1.714285714285714235e+01,-2.559075364843010902e-04,4.027432441944256425e-05
-1.020408163265306101e+01,1.755102040816326436e+01,-2.413988113403320312e-04,4.775253546540625393e-05
-1.020408163265306101e+01,1.795918367346938993e+01,-2.272750862175598741e-04,5.383344614529050887e-05
-1.020408163265306101e+01,1.836734693877551194e+01,-2.136358525604009628e-04,5.867750587640330195e-05
-1.020408163265306101e+01,1.877551020408163396e+01,-2.005187416216358542e-04,6.244405813049525023e-05
-1.020408163265306101e+01,1.918367346938775597e+01,-1.879974006442353129e-04,6.526117067551240325e-05
-1.020408163265306101e+01,1.959183673469387799e+01,-1.760703162290155888e-04,6.726247374899685383e-05
-1.020408163265306101e+01,2.000000000000000000e+01,-1.647980243433266878e-04,6.855633546365424991e-05
-9.387755102040816979e+00,0.000000000000000000e+00,1.245709368959069252e-03,-7.275957614183425903e-12
-9.387755102040816979e+00,4.081632653061224580e-01,1.239213743247091770e-03,-9.331572800874710083e-05
-9.387755102040816979e+00,8.163265306122449161e-01,1.220673206262290478e-03,-1.849958789534866810e-04
-9.387755102040816979e+00,1.224489795918367374e+00,1.190201495774090290e-03,-2.739194897003471851e-04
-9.387755102040816979e+00,1.632653061224489832e+00,1.148524228483438492e-03,-3.587019455153495073e-04
-9.387755102040816979e+00,2.040816326530612290e+00,1.096302992664277554e-03,-4.383874475024640560e-04
-9.387755102040816979e+00,2.448979591836734748e+00,1.034486689604818821e-03,-5.119051784276962280e-04
-9.387755102040816979e+00,2.857142857142857206e+00,9.641712531447410583e-04,-5.782635416835546494e-04
-9.387755102040816979e+00,3.265306122448979664e+00,8.867224678397178650e-04,-6.370467599481344223e-04
-9.387755102040816979e+00,3.673469387755102122e+00,8.032715413719415665e-04,-6.876210100017488003e-04
-9.387755102040816979e+00,4.081632653061224580e+00,7.150970050133764744e-04,-7.296459516510367393e-04
-9.387755102040816979e+00,4.489795918367347483e+00,6.234880420379340649e-04,-7.629077881574630737e-04
-9.387755102040816979e+00,4.897959183673469497e+00,5.296797025948762894e-04,-7.873488939367234707e-04
-9.387755102040816979e+00,5.306122448979591510e+00,4.348943766672164202e-04,-8.030446479097008705e-04
-9.387755102040816979e+00,5.714285714285714413e+00,3.402831498533487320e-04,-8.101391140371561050e-04
-9.387755102040816979e+00,6.122448979591837315e+00,2.469931496307253838e-04,-8.089177426882088184e-04
-9.387755102040816979e+00,6.530612244897959329e+00,1.560517121106386185e-04,-7.997205248102545738e-04
-9.387755102040816979e+00,6.938775510204081343e+00,6.848105840617790818e-05,-7.830251124687492847e-04
-9.387755102040816979e+00,7.346938775510204245e+00,-1.479992351960390806e-05,-7.593382033519446850e-04
-9.387755102040816979e+00,7.755102040816327147e+00,-9.294094343204051256e-05,-7.292885566130280495e-04
-9.387755102040816979e+00,8.163265306122449161e+00,-1.651914935791864991e-04,-6.935587734915316105e-04
-9.387755102040816979e+00,8.571428571428571175e+00,-2.309001574758440256e-04,-6.529534002766013145e-04
-9.387755102040816979e+00,8.979591836734694965e+00,-2.895476936828345060e-04,-6.082804175093770027e-04
-9.387755102040816979e+00,9.387755102040816979e+00,-3.407189797144383192e-04,-5.604432662948966026e-04
-9.387755102040816979e+00,9.795918367346938993e+00,-3.841376455966383219e-04,-5.105019081383943558e-04
-9.387755102040816979e+00,1.020408163265306101e+01,-4.199224931653589010e-04,-4.591593169607222080e-04
-9.387755102040816979e+00,1.061224489795918302e+01,-4.480057104956358671e-04,-4.074224852956831455e-04
-9.387755102040816979e+00,1.102040816326530681e+01,-4.687017353717237711e-04,-3.561858902685344219e-04
-9.387755102040816979e+00,1.142857142857142883e+01,-4.821285256184637547e-04,-3.061027382500469685e-04
-9.387755102040816979e+00,1.183673469387755084e+01,-4.893584409728646278e-04,-2.582482702564448118e-04
-9.387755102040816979e+00,1.224489795918367463e+01,-4.907812690362334251e-04,-2.129579515894874930e-04
-9.387755102040816979e+00,1.265306122448979664e+01,-4.870367702096700668e-04,-1.706768962321802974e-04
-9.387755102040816979e+00,1.306122448979591866e+01,-4.789546073880046606e-04,-1.317744317930191755e-04
-9.387755102040816979e+00,1.346938775510204067e+01,-4.671268397942185402e-04,-9.636922914069145918e-05
-9.387755102040816979e+00,1.387755102040816269e+01,-4.522802482824772596e-04,-6.474241672549396753e-05
-9.387755102040816979e+00,1.428571428571428648e+01,-4.352333489805459976e-04,-3.656648550531826913e-05
-9.387755102040816979e+00,1.469387755102040849e+01,-4.164995916653424501e-04,-1.189468821394257247e-05
-9.387755102040816979e+00,1.510204081632653050e+01,-3.966414660681039095e-04,9.426436008652672172e-06
-9.387755102040816979e+00,1.551020408163265429e+01,-3.761173866223543882e-04,2.762722942861728370e-05
-9.387755102040816979e+00,1.591836734693877631e+01,-3.553516871761530638e-04,4.293812526157125831e-05
-9.387755102040816979e+00,1.632653061224489832e+01,-3.346550511196255684e-04,5.562814476434141397e-05
-9.387755102040816979e+00,1.673469387755102034e+01,-3.143095818813890219e-04,6.596643652301281691e-05
-9.387755102040816979e+00,1.714285714285714235e+01,-2.945134765468537807e-04,7.421199552481994033e-05
-9.387755102040816979e+00,1.755102040816326436e+01,-2.754185406956821680e-04,8.062845154199749231e-05
-9.387755102040816979e+00,1.795918367346938993e+01,-2.571668010205030441e-04,8.543892181478440762e-05
-9.387755102040816979e+00,1.836734693877551194e+01,-2.397799253230914474e-04,8.888430602382868528e-05
-9.387755102040816979e+00,1.877551020408163396e+01,-2.233430859632790089e-04,9.116688306676223874e-05
-9.387755102040816979e+00,1.918367346938775597e+01,-2.078476536553353071e-04,9.243568638339638710e-05
-9.387755102040816979e+00,1.959183673469387799e+01,-1.933158637257292867e-04,9.288219735026359558e-05
-9.387755102040816979e+00,2.000000000000000000e+01,-1.797008007997646928e-04,9.264508844353258610e-05
-8.571428571428571175e+00,0.000000000000000000e+00,1.588659361004829407e-03,7.275957614183425903e-12
-8.571428571428571175e+00,4.081632653061224580e-01,1.580047421157360077e-03,-1.224348379764705896e-04
-8.571428571428571175e+00,8.163265306122449161e-01,1.554661896079778671e-03,-2.430643507977947593e-04
-8.571428571428571175e+00,1.224489795918367374e+00,1.512281130999326706e-03,-3.593375731725245714e-04
-8.571428571428571175e+00,1.632653061224489832e+00,1.454793149605393410e-03,-4.698960692621767521e-04
-8.571428571428571175e+00,2.040816326530612290e+00,1.383075490593910217e-03,-5.729717086069285870e-04
-8.571428571428571175e+00,2.448979591836734748e+00,1.298651564866304398e-03,-6.672141025774180889e-04
-8.571428571428571175e+00,2.857142857142857206e+00,1.203679479658603668e-03,-7.511735893785953522e-04
-8.571428571428571175e+00,3.265306122448979664e+00,1.098538748919963837e-03,-8.250544779002666473e-04
-8.571428571428571175e+00,3.673469387755102122e+00,9.864715393632650375e-04,-8.873125188983976841e-04
-8.571428571428571175e+00,4.081632653061224580e+00,8.689314709044992924e-04,-9.378778631798923016e-04
-8.571428571428571175e+00,4.489795918367347483e+00,7.473827572539448738e-04,-9.769017342478036880e-04
-8.571428571428571175e+00,4.897959183673469497e+00,6.236399058252573013e-04,-1.004288671538233757e-03
-8.571428571428571175e+00,5.306122448979591510e+00,4.992228932678699493e-04,-1.020282041281461716e-03
-8.571428571428571175e+00,5.714285714285714413e+00,3.756142687052488327e-04,-1.025152392685413361e-03
-8.571428571428571175e+00,6.122448979591837315e+00,2.542021393310278654e-04,-1.019342453218996525e-03
-8.571428571428571175e+00,6.530612244897959329e+00,1.363110495731234550e-04,-1.003290875814855099e-03
-8.571428571428571175e+00,6.938775510204081343e+00,2.317740290891379118e-05,-9.775873040780425072e-04
-8.571428571428571175e+00,7.346938775510204245e+00,-8.396468183491379023e-05,-9.428373305127024651e-04
-8.571428571428571175e+00,7.755102040816327147e+00,-1.840007607825100422e-04,-8.998408447951078415e-04
-8.571428571428571175e+00,8.163265306122449161e+00,-2.763312659226357937e-04,-8.490965119563043118e-04
-8.571428571428571175e+00,8.571428571428571175e+00,-3.586279344744980335e-04,-7.926877005957067013e-04
-8.571428571428571175e+00,8.979591836734694965e+00,-4.315014521125704050e-04,-7.307251798920333385e-04
-8.571428571428571175e+00,9.387755102040816979e+00,-4.939062637276947498e-04,-6.647971458733081818e-04
-8.571428571428571175e+00,9.795918367346938993e+00,-5.454830243252217770e-04,-5.962323048152029514e-04
-8.571428571428571175e+00,1.020408163265306101e+01,-5.859453231096267700e-04,-5.261967889964580536e-04
-8.571428571428571175e+00,1.061224489795918302e+01,-6.158909527584910393e-04,-4.566099669318646193e-04
-8.571428571428571175e+00,1.102040816326530681e+01,-6.356058875098824501e-04,-3.884132602252066135e-04
-8.571428571428571175e+00,1.142857142857142883e+01,-6.457786657847464085e-04,-3.227590350434184074e-04
-8.571428571428571175e+00,1.183673469387755084e+01,-6.469097570516169071e-04,-2.607223286759108305e-04
-8.571428571428571175e+00,1.224489795918367463e+01,-6.408857298083603382e-04,-2.029270108323544264e-04
-8.571428571428571175e+00,1.265306122448979664e+01,-6.283375550992786884e-04,-1.499631616752594709e-04
-8.571428571428571175e+00,1.306122448979591866e+01,-6.104045896790921688e-04,-1.021775387926027179e-04
-8.571428571428571175e+00,1.346938775510204067e+01,-5.882159457542002201e-04,-5.973360384814441204e-05
-8.571428571428571175e+00,1.387755102040816269e+01,-5.628399085253477097e-04,-2.261589906993322074e-05
-8.571428571428571175e+00,1.428571428571428648e+01,-5.352204898372292519e-04,9.344941645395010710e-06
-8.571428571428571175e+00,1.469387755102040849e+01,-5.062565905973315239e-04,3.643062518676742911e-05
-8.571428571428571175e+00,1.510204081632653050e+01,-4.767609934788197279e-04,5.891715773032046854e-05
-8.571428571428571175e+00,1.551020408163265429e+01,-4.470747662708163261e-04,7.742964953649789095e-05
-8.571428571428571175e+00,1.591836734693877631e+01,-4.178376984782516956e-04,9.224681707564741373e-05
-8.571428571428571175e+00,1.632653061224489832e+01,-3.893890243489295244e-04,1.038217014865949750e-04
-8.571428571428571175e+00,1.673469387755102034e+01,-3.620304050855338573e-04,1.125644339481368661e-04
-8.571428571428571175e+00,1.714285714285714235e+01,-3.359402471687644720e-04,1.188904861919581890e-04
-8.571428571428571175e+00,1.755102040816326436e+01,-3.112452395725995302e-04,1.231318019563332200e-04
-8.571428571428571175e+00,1.795918367346938993e+01,-2.880080428440123796e-04,1.256442337762564421e-04
-8.571428571428571175e+00,1.836734693877551194e+01,-2.662645711097866297e-04,1.267207990167662501e-04
-8.571428571428571175e+00,1.877551020408163396e+01,-2.459821116644889116e-04,1.266036415472626686e-04
-8.571428571428571175e+00,1.918367346938775597e+01,-2.271686971653252840e-04,1.255370007129386067e-04
-8.571428571428571175e+00,1.959183673469387799e+01,-2.097154210787266493e-04,1.237002434208989143e-04
-8.571428571428571175e+00,2.000000000000000000e+01,-1.935809268616139889e-04,1.212656206917017698e-04
-7.755102040816325371e+00,0.000000000000000000e+00,2.055502496659755707e-03,0.000000000000000000e+00
-7.755102040816325371e+00,4.081632653061224580e-01,2.042859094217419624e-03,-1.635914086364209652e-04
-7.755102040816325371e+00,8.163265306122449161e-01,2.006600378081202507e-03,-3.241300582885742188e-04
-7.755102040816325371e+00,1.224489795918367374e+00,1.947226817719638348e-03,-4.785823693964630365e-04
-7.755102040816325371e+00,1.632653061224489832e+00,1.866307342424988747e-03,-6.242661038413643837e-04
-7.755102040816325371e+00,2.040816326530612290e+00,1.765934168361127377e-03,-7.588382577523589134e-04
-7.755102040816325371e+00,2.448979591836734748e+00,1.648569130338728428e-03,-8.804469835013151169e-04
-7.755102040816325371e+00,2.857142857142857206e+00,1.516849966719746590e-03,-9.877317352220416069e-04
-7.755102040816325371e+00,3.265306122448979664e+00,1.373643055558204651e-03,-1.079603214748203754e-03
-7.755102040816325371e+00,3.673469387755102122e+00,1.221394282765686512e-03,-1.156009850092232227e-03
-7.755102040816325371e+00,4.081632653061224580e+00,1.062782714143395424e-03,-1.216638949699699879e-03
-7.755102040816325371e+00,4.489795918367347483e+00,9.003137820400297642e-04,-1.261584460735321045e-03
-7.755102040816325371e+00,4.897959183673469497e+00,7.357920985668897629e-04,-1.291433931328356266e-03
-7.755102040816325371e+00,5.306122448979591510e+00,5.713067366741597652e-04,-1.306441146880388260e-03
-7.755102040816325371e+00,5.714285714285714413e+00,4.086580593138933182e-04,-1.307204132899641991e-03
-7.755102040816325371e+00,6.122448979591837315e+00,2.494870859663933516e-04,-1.294316141866147518e-03
-7.755102040816325371e+00,6.530612244897959329e+00,9.538853919366374612e-05,-1.268324092961847782e-03
-7.755102040816325371e+00,6.938775510204081343e+00,-5.207426147535443306e-05,-1.229878165759146214e-03
-7.755102040816325371e+00,7.346938775510204245e+00,-1.913727319333702326e-04,-1.179708866402506828e-03
-7.755102040816325371e+00,7.755102040816327147e+00,-3.209109127055853605e-04,-1.118658576160669327e-03
-7.755102040816325371e+00,8.163265306122449161e+00,-4.391954280436038971e-04,-1.047778758220374584e-03
-7.755102040816325371e+00,8.571428571428571175e+00,-5.447950679808855057e-04,-9.683764073997735977e-04
-7.755102040816325371e+00,8.979591836734694965e+00,-6.364596774801611900e-04,-8.820003713481128216e-04
-7.755102040816325371e+00,9.387755102040816979e+00,-7.132439641281962395e-04,-7.904363446868956089e-04
-7.755102040816325371e+00,9.795918367346938993e+00,-7.745428010821342468e-04,-6.956928991712629795e-04
-7.755102040816325371e+00,1.020408163265306101e+01,-8.202170138247311115e-04,-5.998293636366724968e-04
-7.755102040816325371e+00,1.061224489795918302e+01,-8.505713194608688354e-04,-5.049392348155379295e-04
-7.755102040816325371e+00,1.102040816326530681e+01,-8.663918124511837959e-04,-4.129834414925426245e-04
-7.755102040816325371e+00,1.142857142857142883e+01,-8.685020147822797298e-04,-3.258625802118331194e-04
-7.755102040816325371e+00,1.183673469387755084e+01,-8.593333768658339977e-04,-2.447645820211619139e-04
-7.755102040816325371e+00,1.224489795918367463e+01,-8.400787482969462872e-04,-1.707765622995793819e-04
-7.755102040816325371e+00,1.265306122448979664e+01,-8.126407628878951073e-04,-1.045793324010446668e-04
-7.755102040816325371e+00,1.306122448979591866e+01,-7.788152433931827545e-04,-4.650562186725437641e-05
-7.755102040816325371e+00,1.346938775510204067e+01,-7.403806084766983986e-04,3.483408363536000252e-06
-7.755102040816325371e+00,1.387755102040816269e+01,-6.989390822127461433e-04,4.565011477097868919e-05
-7.755102040816325371e+00,1.428571428571428648e+01,-6.559735629707574844e-04,8.032713230932131410e-05
-7.755102040816325371e+00,1.469387755102040849e+01,-6.123903440311551094e-04,1.085489930119365454e-04
-7.755102040816325371e+00,1.510204081632653050e+01,-5.692314007319509983e-04,1.307670172536745667e-04
-7.755102040816325371e+00,1.551020408163265429e+01,-5.274005234241485596e-04,1.476469915360212326e-04
-7.755102040816325371e+00,1.591836734693877631e+01,-4.870312113780528307e-04,1.601303811185061932e-04
-7.755102040816325371e+00,1.632653061224489832e+01,-4.486741090659052134e-04,1.686826435616239905e-04
-7.755102040816325371e+00,1.673469387755102034e+01,-4.125449049752205610e-04,1.740003062877804041e-04
-7.755102040816325371e+00,1.714285714285714235e+01,-3.787926689255982637e-04,1.766472560120746493e-04
-7.755102040816325371e+00,1.755102040816326436e+01,-3.474193508736789227e-04,1.771255047060549259e-04
-7.755102040816325371e+00,1.795918367346938993e+01,-3.184310335200279951e-04,1.758678845362737775e-04
-7.755102040816325371e+00,1.836734693877551194e+01,-2.916911616921424866e-04,1.732537057250738144e-04
-7.755102040816325371e+00,1.877551020408163396e+01,-2.671873080544173717e-04,1.695722312433645129e-04
-7.755102040816325371e+00,1.918367346938775597e+01,-2.447302686050534248e-04,1.651084603508934379e-04
-7.755102040816325371e+00,1.959183673469387799e+01,-2.242050104541704059e-04,1.600749237695708871e-04
-7.755102040816325371e+00,2.000000000000000000e+01,-2.054503274848684669e-04,1.546477433294057846e-04
-6.938775510204081343e+00,0.000000000000000000e+00,2.703013597056269646e-03,0.000000000000000000e+00
-6.938775510204081343e+00,4.081632653061224580e-01,2.685132436454296112e-03,-2.229416859336197376e-04
-6.938775510204081343e+00,8.163265306122449161e-01,2.632077783346176147e-03,-4.409092653077095747e-04
-6.938775510204081343e+00,1.224489795918367374e+00,2.545621478930115700e-03,-6.492474931292235851e-04
-6.938775510204081343e+00,1.632653061224489832e+00,2.428945153951644897e-03,-8.443465922027826309e-04
-6.938775510204081343e+00,2.040816326530612290e+00,2.284792950376868248e-03,-1.021617208607494831e-03
-6.938775510204081343e+00,2.448979591836734748e+00,2.117629395797848701e-03,-1.179519924335181713e-03
-6.938775510204081343e+00,2.857142857142857206e+00,1.932437997311353683e-03,-1.315223984420299530e-03
-6.938775510204081343e+00,3.265306122448979664e+00,1.732937293127179146e-03,-1.429648720659315586e-03
-6.938775510204081343e+00,3.673469387755102122e+00,1.522455248050391674e-03,-1.522119855508208275e-03
-6.938775510204081343e+00,4.081632653061224580e+00,1.306346850469708443e-03,-1.592449145391583443e-03
-6.938775510204081343e+00,4.489795918367347483e+00,1.087183598428964615e-03,-1.641987240873277187e-03
-6.938775510204081343e+00,4.897959183673469497e+00,8.675945573486387730e-04,-1.671926234848797321e-03
-6.938775510204081343e+00,5.306122448979591510e+00,6.497651920653879642e-04,-1.683363458141684532e-03
-6.938775510204081343e+00,5.714285714285714413e+00,4.356042772997170687e-04,-1.677253982052206993e-03
-6.938775510204081343e+00,6.122448979591837315e+00,2.264523645862936974e-04,-1.654268009588122368e-03
-6.938775510204081343e+00,6.530612244897959329e+00,2.405844861641526222e-05,-1.615036162547767162e-03
-6.938775510204081343e+00,6.938775510204081343e+00,-1.698058767942711711e-04,-1.559977186843752861e-03
-6.938775510204081343e+00,7.346938775510204245e+00,-3.531946858856827021e-04,-1.489545335061848164e-03
-6.938775510204081343e+00,7.755102040816327147e+00,-5.247637745924293995e-04,-1.403777278028428555e-03
-6.938775510204081343e+00,8.163265306122449161e+00,-6.794515065848827362e-04,-1.305471756495535374e-03
-6.938775510204081343e+00,8.571428571428571175e+00,-8.174864342436194420e-04,-1.194347278214991093e-03
-6.938775510204081343e+00,8.979591836734694965e+00,-9.356853552162647247e-04,-1.073083374649286270e-03
-6.938775510204081343e+00,9.387755102040816979e+00,-1.032206229865550995e-03,-9.443260496482253075e-04
-6.938775510204081343e+00,9.795918367346938993e+00,-1.105360453948378563e-03,-8.108960464596748352e-04
-6.938775510204081343e+00,1.020408163265306101e+01,-1.155767240561544895e-03,-6.770528270862996578e-04
-6.938775510204081343e+00,1.061224489795918302e+01,-1.183491549454629421e-03,-5.456550861708819866e-04
-6.938775510204081343e+00,1.102040816326530681e+01,-1.189961214549839497e-03,-4.198976384941488504e-04
-6.938775510204081343e+00,1.142857142857142883e+01,-1.177318044938147068e-03,-3.025777987204492092e-04
-6.938775510204081343e+00,1.183673469387755084e+01,-1.148304087109863758e-03,-1.958223583642393351e-04
-6.938775510204081343e+00,1.224489795918367463e+01,-1.106016105040907860e-03,-1.010893756756559014e-04
-6.938775510204081343e+00,1.265306122448979664e+01,-1.053656334988772869e-03,-1.908151898533105850e-05
-6.938775510204081343e+00,1.306122448979591866e+01,-9.943199111148715019e-04,4.984963015886023641e-05
-6.938775510204081343e+00,1.346938775510204067e+01,-9.306516149081289768e-04,1.068914571078494191e-04
-6.938775510204081343e+00,1.387755102040816269e+01,-8.650295203551650047e-04,1.525164552731439471e-04
-6.938775510204081343e+00,1.428571428571428648e+01,-7.993646431714296341e-04,1.878585317172110081e-04
-6.938775510204081343e+00,1.469387755102040849e+01,-7.354237604886293411e-04,2.141038712579756975e-04
-6.938775510204081343e+00,1.510204081632653050e+01,-6.737312069162726402e-04,2.327607944607734680e-04
-6.938775510204081343e+00,1.551020408163265429e+01,-6.153379799798130989e-04,2.449074527248740196e-04
-6.938775510204081343e+00,1.591836734693877631e+01,-5.606784252449870110e-04,2.517192042432725430e-04
-6.938775510204081343e+00,1.632653061224489832e+01,-5.099704139865934849e-04,2.542758011259138584e-04
-6.938775510204081343e+00,1.673469387755102034e+01,-4.633982025552541018e-04,2.534523955546319485e-04
-6.938775510204081343e+00,1.714285714285714235e+01,-4.206304438412189484e-04,2.498984686098992825e-04
-6.938775510204081343e+00,1.755102040816326436e+01,-3.816117241512984037e-04,2.443579433020204306e-04
-6.938775510204081343e+00,1.795918367346938993e+01,-3.461999876890331507e-04,2.373537863604724407e-04
-6.938775510204081343e+00,1.836734693877551194e+01,-3.141145862173289061e-04,2.293178404215723276e-04
-6.938775510204081343e+00,1.877551020408163396e+01,-2.851342142093926668e-04,2.205884957220405340e-04
-6.938775510204081343e+00,1.918367346938775597e+01,-2.589432406239211559e-04,2.114565431838855147e-04
-6.938775510204081343e+00,1.959183673469387799e+01,-2.353569580009207129e-04,2.021245891228318214e-04
-6.938775510204081343e+00,2.000000000000000000e+01,-2.140623837476596236e-04,1.927666744450107217e-04
-6.122448979591837315e+00,0.000000000000000000e+00,3.627041354775428772e-03,-7.275957614183425903e-12
-6.122448979591837315e+00,4.081632653061224580e-01,3.599817864596843719e-03,-3.112562117166817188e-04
-6.122448979591837315e+00,8.163265306122449161e-01,3.520424244925379753e-03,-6.140584591776132584e-04
-6.122448979591837315e+00,1.224489795918367374e+00,3.390131518244743347e-03,-9.013680391944944859e-04
-6.122448979591837315e+00,1.632653061224489832e+00,3.214844502508640289e-03,-1.166130066849291325e-03
-6.122448979591837315e+00,2.040816326530612290e+00,3.001038217917084694e-03,-1.403124188072979450e-03
-6.122448979591837315e+00,2.448979591836734748e+00,2.756497124210000038e-03,-1.608539721928536892e-03
-6.122448979591837315e+00,2.857142857142857206e+00,2.488055033609271049e-03,-1.781107974238693714e-03
-6.122448979591837315e+00,3.265306122448979664e+00,2.203580224886536598e-03,-1.920219045132398605e-03
-6.122448979591837315e+00,3.673469387755102122e+00,1.909772632643580437e-03,-2.027126029133796692e-03
-6.122448979591837315e+00,4.081632653061224580e+00,1.612174441106617451e-03,-2.104049548506736755e-03
-6.122448979591837315e+00,4.489795918367347483e+00,1.315015368163585663e-03,-2.153780078515410423e-03
-6.122448979591837315e+00,4.897959183673469497e+00,1.021152478642761707e-03,-2.179069677367806435e-03
-6.122448979591837315e+00,5.306122448979591510e+00,7.325478363782167435e-04,-2.182407071813941002e-03
-6.122448979591837315e+00,5.714285714285714413e+00,4.500667564570903778e-04,-2.165275393053889275e-03
-6.122448979591837315e+00,6.122448979591837315e+00,1.747843780322000384e-04,-2.128636464476585388e-03
-6.122448979591837315e+00,6.530612244897959329e+00,-9.230274008587002754e-05,-2.072727773338556290e-03
-6.122448979591837315e+00,6.938775510204081343e+00,-3.496687277220189571e-04,-1.997314859181642532e-03
-6.122448979591837315e+00,7.346938775510204245e+00,-5.949838669039309025e-04,-1.901512034237384796e-03
-6.122448979591837315e+00,7.755102040816327147e+00,-8.250072132796049118e-04,-1.785087864845991135e-03
-6.122448979591837315e+00,8.163265306122449161e+00,-1.035600667819380760e-03,-1.648285891860723495e-03
-6.122448979591837315e+00,8.571428571428571175e+00,-1.222153543494641781e-03,-1.492466893978416920e-03
-6.122448979591837315e+00,8.979591836734694965e+00,-1.380135421641170979e-03,-1.320422510616481304e-03
-6.122448979591837315e+00,9.387755102040816979e+00,-1.505615422502160072e-03,-1.136227045208215714e-03
-6.122448979591837315e+00,9.795918367346938993e+00,-1.595949055626988411e-03,-9.451174410060048103e-04
-6.122448979591837315e+00,1.020408163265306101e+01,-1.650094403885304928e-03,-7.530743023380637169e-04
-6.122448979591837315e+00,1.061224489795918302e+01,-1.668056938797235489e-03,-5.665965145453810692e-04
-6.122448979591837315e+00,1.102040816326530681e+01,-1.654482795856893063e-03,-3.906750062014907598e-04
-6.122448979591837315e+00,1.142857142857142883e+01,-1.612406922504305840e-03,-2.302036737091839314e-04
-6.122448979591837315e+00,1.183673469387755084e+01,-1.547163119539618492e-03,-8.856031490722671151e-05
-6.122448979591837315e+00,1.224489795918367463e+01,-1.464447937905788422e-03,3.238993667764589190e-05
-6.122448979591837315e+00,1.265306122448979664e+01,-1.370035228319466114e-03,1.322177704423666000e-04
-6.122448979591837315e+00,1.306122448979591866e+01,-1.269027823582291603e-03,2.117101685144007206e-04
-6.122448979591837315e+00,1.346938775510204067e+01,-1.166222966276109219e-03,2.722993958741426468e-04
-6.122448979591837315e+00,1.387755102040816269e+01,-1.064165262505412102e-03,3.167513059452176094e-04
-6.122448979591837315e+00,1.428571428571428648e+01,-9.658433264121413231e-04,3.470699011813849211e-04
-6.122448979591837315e+00,1.469387755102040849e+01,-8.729656692594289780e-04,3.656938497442752123e-04
-6.122448979591837315e+00,1.510204081632653050e+01,-7.865445804782211781e-04,3.748896415345370770e-04
-6.122448979591837315e+00,1.551020408163265429e+01,-7.070968276821076870e-04,3.766621230170130730e-04
-6.122448979591837315e+00,1.591836734693877631e+01,-6.347589078359305859e-04,3.727664297912269831e-04
-6.122448979591837315e+00,1.632653061224489832e+01,-5.693799466826021671e-04,3.647835401352494955e-04
-6.122448979591837315e+00,1.673469387755102034e+01,-5.104076699353754520e-04,3.536904987413436174e-04
-6.122448979591837315e+00,1.714285714285714235e+01,-4.576049686875194311e-04,3.404803574085235596e-04
-6.122448979591837315e+00,1.755102040816326436e+01,-4.104102263227105141e-04,3.259468066971749067e-04
-6.122448979591837315e+00,1.795918367346938993e+01,-3.683639806695282459e-04,3.107732336502522230e-04
-6.122448979591837315e+00,1.836734693877551194e+01,-3.309135790914297104e-04,2.951770438812673092e-04
-6.122448979591837315e+00,1.877551020408163396e+01,-2.975572715513408184e-04,2.796280023176223040e-04
-6.122448979591837315e+00,1.918367346938775597e+01,-2.678923192434012890e-04,2.643408661242574453e-04
-6.122448979591837315e+00,1.959183673469387799e+01,-2.414831687929108739e-04,2.494977088645100594e-04
-6.122448979591837315e+00,2.000000000000000000e+01,-2.180179581046104431e-04,2.351963630644604564e-04
-5.306122448979591510e+00,0.000000000000000000e+00,4.993870388716459274e-03,9.094947017729282379e-13
-5.306122448979591510e+00,4.081632653061224580e-01,4.950546193867921829e-03,-4.487109254114329815e-04
-5.306122448979591510e+00,8.163265306122449161e-01,4.822812043130397797e-03,-8.828959544189274311e-04
-5.306122448979591510e+00,1.224489795918367374e+00,4.617450293153524399e-03,-1.288715400733053684e-03
-5.306122448979591510e+00,1.632653061224489832e+00,4.343342501670122147e-03,-1.656341482885181904e-03
-5.306122448979591510e+00,2.040816326530612290e+00,4.013117868453264236e-03,-1.976724015548825264e-03
-5.306122448979591510e+00,2.448979591836734748e+00,3.640420036390423775e-03,-2.244841307401657104e-03
-5.306122448979591510e+00,2.857142857142857206e+00,3.238153643906116486e-03,-2.456124871969223022e-03
-5.306122448979591510e+00,3.265306122448979664e+00,2.823836635798215866e-03,-2.617246005684137344e-03
-5.306122448979591510e+00,3.673469387755102122e+00,2.406015992164611816e-03,-2.731364220380783081e-03
-5.306122448979591510e+00,4.081632653061224580e+00,1.989131327718496323e-03,-2.805714961141347885e-03
-5.306122448979591510e+00,4.489795918367347483e+00,1.588636776432394981e-03,-2.844097325578331947e-03
-5.306122448979591510e+00,4.897959183673469497e+00,1.195843331515789032e-03,-2.855083206668496132e-03
-5.306122448979591510e+00,5.306122448979591510e+00,8.136385004036128521e-04,-2.838935470208525658e-03
-5.306122448979591510e+00,5.714285714285714413e+00,4.446655511856079102e-04,-2.805332886055111885e-03
-5.306122448979591510e+00,6.122448979591837315e+00,8.211503154598176479e-05,-2.755234716460108757e-03
-5.306122448979591510e+00,6.530612244897959329e+00,-2.711992419790476561e-04,-2.680853009223937988e-03
-5.306122448979591510e+00,6.938775510204081343e+00,-6.122457562014460564e-04,-2.584383590146899223e-03
-5.306122448979591510e+00,7.346938775510204245e+00,-9.499776642769575119e-04,-2.459897426888346672e-03
-5.306122448979591510e+00,7.755102040816327147e+00,-1.268851570785045624e-03,-2.306754700839519501e-03
-5.306122448979591510e+00,8.163265306122449161e+00,-1.565405167639255524e-03,-2.121554454788565636e-03
-5.306122448979591510e+00,8.571428571428571175e+00,-1.833015703596174717e-03,-1.905628480017185211e-03
-5.306122448979591510e+00,8.979591836734694965e+00,-2.057364210486412048e-03,-1.657469547353684902e-03
-5.306122448979591510e+00,9.387755102040816979e+00,-2.230774844065308571e-03,-1.386620802804827690e-03
-5.306122448979591510e+00,9.795918367346938993e+00,-2.346811583265662193e-03,-1.102611655369400978e-03
-5.306122448979591510e+00,1.020408163265306101e+01,-2.402607817202806473e-03,-8.168413769453763962e-04
-5.306122448979591510e+00,1.061224489795918302e+01,-2.399509772658348083e-03,-5.413078470155596733e-04
-5.306122448979591510e+00,1.102040816326530681e+01,-2.343001775443553925e-03,-2.870204043574631214e-04
-5.306122448979591510e+00,1.142857142857142883e+01,-2.242055954411625862e-03,-6.264663534238934517e-05
-5.306122448979591510e+00,1.183673469387755084e+01,-2.107825130224227905e-03,1.264289021492004395e-04
-5.306122448979591510e+00,1.224489795918367463e+01,-1.952273421920835972e-03,2.778670168481767178e-04
-5.306122448979591510e+00,1.265306122448979664e+01,-1.785141183063387871e-03,3.940454334951937199e-04
-5.306122448979591510e+00,1.306122448979591866e+01,-1.615685760043561459e-03,4.775066627189517021e-04
-5.306122448979591510e+00,1.346938775510204067e+01,-1.450546318665146828e-03,5.328096449375152588e-04
-5.306122448979591510e+00,1.387755102040816269e+01,-1.294365036301314831e-03,5.649644881486892700e-04
-5.306122448979591510e+00,1.428571428571428648e+01,-1.149823539890348911e-03,5.788299604319036007e-04
-5.306122448979591510e+00,1.469387755102040849e+01,-1.018326845951378345e-03,5.787467234767973423e-04
-5.306122448979591510e+00,1.510204081632653050e+01,-9.002933511510491371e-04,5.686434451490640640e-04
-5.306122448979591510e+00,1.551020408163265429e+01,-7.949291612021625042e-04,5.511234630830585957e-04
-5.306122448979591510e+00,1.591836734693877631e+01,-7.017374155111610889e-04,5.288015818223357201e-04
-5.306122448979591510e+00,1.632653061224489832e+01,-6.196853937581181526e-04,5.035384674556553364e-04
-5.306122448979591510e+00,1.673469387755102034e+01,-5.476252990774810314e-04,4.767389327753335238e-04
-5.306122448979591510e+00,1.714285714285714235e+01,-4.845210060011595488e-04,4.494726890698075294e-04
-5.306122448979591510e+00,1.755102040816326436e+01,-4.292940429877489805e-04,4.222327552270144224e-04
-5.306122448979591510e+00,1.795918367346938993e+01,-3.810258640442043543e-04,3.956584550905972719e-04
-5.306122448979591510e+00,1.836734693877551194e+01,-3.387421020306646824e-04,3.701114328578114510e-04
-5.306122448979591510e+00,1.877551020408163396e+01,-3.016964474227279425e-04,3.458470164332538843e-04
-5.306122448979591510e+00,1.918367346938775597e+01,-2.692499547265470028e-04,3.228280984330922365e-04
-5.306122448979591510e+00,1.959183673469387799e+01,-2.407608117209747434e-04,3.012139641214162111e-04
-5.306122448979591510e+00,2.000000000000000000e+01,-2.157473936676979065e-04,2.809692814480513334e-04
-4.489795918367345706e+00,0.000000000000000000e+00,7.106124423444271088e-03,0.000000000000000000e+00
-4.489795918367345706e+00,4.081632653061224580e-01,7.032770663499832153e-03,-6.744005950167775154e-04
-4.489795918367345706e+00,8.163265306122449161e-01,6.819736212491989136e-03,-1.324411714449524879e-03
-4.489795918367345706e+00,1.224489795918367374e+00,6.473541725426912308e-03,-1.921385060995817184e-03
-4.489795918367345706e+00,1.632653061224489832e+00,6.017276085913181305e-03,-2.445270773023366928e-03
-4.489795918367345706e+00,2.040816326530612290e+00,5.472922232002019882e-03,-2.883251523599028587e-03
-4.489795918367345706e+00,2.448979591836734748e+00,4.881652537733316422e-03,-3.224709071218967438e-03
-4.489795918367345706e+00,2.857142857142857206e+00,4.254702944308519363e-03,-3.469210118055343628e-03
-4.489795918367345706e+00,3.265306122448979664e+00,3.632599953562021255e-03,-3.632615786045789719e-03
-4.489795918367345706e+00,3.673469387755102122e+00,3.027443541213870049e-03,-3.727063070982694626e-03
-4.489795918367345706e+00,4.081632653061224580e+00,2.449345542117953300e-03,-3.768366295844316483e-03
-4.489795918367345706e+00,4.489795918367347483e+00,1.901537645608186722e-03,-3.771157935261726379e-03
-4.489795918367345706e+00,4.897959183673469497e+00,1.382218673825263977e-03,-3.747498383745551109e-03
-4.489795918367345706e+00,5.306122448979591510e+00,8.863254915922880173e-04,-3.704934380948543549e-03
-4.489795918367345706e+00,5.714285714285714413e+00,4.073173622600734234e-04,-3.647958394140005112e-03
-4.489795918367345706e+00,6.122448979591837315e+00,-6.154400762170553207e-05,-3.577266819775104523e-03
-4.489795918367345706e+00,6.530612244897959329e+00,-5.262471968308091164e-04,-3.490108298137784004e-03
-4.489795918367345706e+00,6.938775510204081343e+00,-9.906144114211201668e-04,-3.380042267963290215e-03
-4.489795918367345706e+00,7.346938775510204245e+00,-1.454871962778270245e-03,-3.238077741116285324e-03
-4.489795918367345706e+00,7.755102040816327147e+00,-1.914174295961856842e-03,-3.053385764360427856e-03
-4.489795918367345706e+00,8.163265306122449161e+00,-2.356794429942965508e-03,-2.815471030771732330e-03
-4.489795918367345706e+00,8.571428571428571175e+00,-2.770460676401853561e-03,-2.519339788705110550e-03
-4.489795918367345706e+00,8.979591836734694965e+00,-3.116266103461384773e-03,-2.158967312425374985e-03
-4.489795918367345706e+00,9.387755102040816979e+00,-3.389154328033328056e-03,-1.745264162309467793e-03
-4.489795918367345706e+00,9.795918367346938993e+00,-3.556331153959035873e-03,-1.300501520745456219e-03
-4.489795918367345706e+00,1.020408163265306101e+01,-3.612250089645385742e-03,-8.482512203045189381e-04
-4.489795918367345706e+00,1.061224489795918302e+01,-3.555553732439875603e-03,-4.154054913669824600e-04
-4.489795918367345706e+00,1.102040816326530681e+01,-3.405685769394040108e-03,-3.025124169653281569e-05
-4.489795918367345706e+00,1.142857142857142883e+01,-3.182064741849899292e-03,2.922948915511369705e-04
-4.489795918367345706e+00,1.183673469387755084e+01,-2.910834504291415215e-03,5.438972730189561844e-04
-4.489795918367345706e+00,1.224489795918367463e+01,-2.617195481434464455e-03,7.253194926306605339e-04
-4.489795918367345706e+00,1.265306122448979664e+01,-2.321728272363543510e-03,8.439205703325569630e-04
-4.489795918367345706e+00,1.306122448979591866e+01,-2.039839513599872589e-03,9.107227670028805733e-04
-4.489795918367345706e+00,1.346938775510204067e+01,-1.778748119249939919e-03,9.368303581140935421e-04
-4.489795918367345706e+00,1.387755102040816269e+01,-1.543945167213678360e-03,9.330972679890692234e-04
-4.489795918367345706e+00,1.428571428571428648e+01,-1.336545567028224468e-03,9.086343343369662762e-04
-4.489795918367345706e+00,1.469387755102040849e+01,-1.155647914856672287e-03,8.706437656655907631e-04
-4.489795918367345706e+00,1.510204081632653050e+01,-9.992532432079315186e-04,8.245554636232554913e-04
-4.489795918367345706e+00,1.551020408163265429e+01,-8.647942449897527695e-04,7.743091555312275887e-04
-4.489795918367345706e+00,1.591836734693877631e+01,-7.495844620279967785e-04,7.229122566059231758e-04
-4.489795918367345706e+00,1.632653061224489832e+01,-6.509646191261708736e-04,6.717494688928127289e-04
-4.489795918367345706e+00,1.673469387755102034e+01,-5.666918586939573288e-04,6.223078235052525997e-04
-4.489795918367345706e+00,1.714285714285714235e+01,-4.945163382217288017e-04,5.753545556217432022e-04
-4.489795918367345706e+00,1.755102040816326436e+01,-4.326484049670398235e-04,5.313478177413344383e-04
-4.489795918367345706e+00,1.795918367346938993e+01,-3.795785887632519007e-04,4.902391810901463032e-04
-4.489795918367345706e+00,1.836734693877551194e+01,-3.339829272590577602e-04,4.522062081377953291e-04
-4.489795918367345706e+00,1.877551020408163396e+01,-2.946379536297172308e-04,4.172086773905903101e-04
-4.489795918367345706e+00,1.918367346938775597e+01,-2.606986090540885925e-04,3.850019129458814859e-04
-4.489795918367345706e+00,1.959183673469387799e+01,-2.312762226210907102e-04,3.554779686965048313e-04
-4.489795918367345706e+00,2.000000000000000000e+01,-2.057492092717438936e-04,3.284497652202844620e-04
-3.673469387755101678e+00,0.000000000000000000e+00,1.058845780789852142e-02,5.820766091346740723e-11
-3.673469387755101678e+00,4.081632653061224580e-01,1.046293880790472031e-02,-1.065758755430579185e-03
-3.673469387755101678e+00,8.163265306122449161e-01,1.007950492203235626e-02,-2.094171941280364990e-03
-3.673469387755101678e+00,1.224489795918367374e+00,9.455577470362186432e-03,-3.025033045560121536e-03
-3.673469387755101678e+00,1.632653061224489832e+00,8.630510419607162476e-03,-3.815717995166778564e-03
-3.673469387755101678e+00,2.040816326530612290e+00,7.669439539313316345e-03,-4.416226875036954880e-03
-3.673469387755101678e+00,2.448979591836734748e+00,6.641761399805545807e-03,-4.824928939342498779e-03
-3.673469387755101678e+00,2.857142857142857206e+00,5.619090516120195389e-03,-5.058795213699340820e-03
-3.673469387755101678e+00,3.265306122448979664e+00,4.649223759770393372e-03,-5.154687445610761642e-03
-3.673469387755101678e+00,3.673469387755102122e+00,3.756801132112741470e-03,-5.152747500687837601e-03
-3.673469387755101678e+00,4.081632653061224580e+00,2.947850152850151062e-03,-5.090694874525070190e-03
-3.673469387755101678e+00,4.489795918367347483e+00,2.216327702626585960e-03,-4.997560754418373108e-03
-3.673469387755101678e+00,4.897959183673469497e+00,1.549222972244024277e-03,-4.894620738923549652e-03
-3.673469387755101678e+00,5.306122448979591510e+00,9.289727313444018364e-04,-4.796125460416078568e-03
-3.673469387755101678e+00,5.714285714285714413e+00,3.361110575497150421e-04,-4.708690103143453598e-03
-3.673469387755101678e+00,6.122448979591837315e+00,-2.498900576028972864e-04,-4.632135387510061264e-03
-3.673469387755101678e+00,6.530612244897959329e+00,-8.474638452753424644e-04,-4.558844491839408875e-03
-3.673469387755101678e+00,6.938775510204081343e+00,-1.470989780500531197e-03,-4.474662244319915771e-03
-3.673469387755101678e+00,7.346938775510204245e+00,-2.128624590113759041e-03,-4.359350074082612991e-03
-3.673469387755101678e+00,7.755102040816327147e+00,-2.820678520947694778e-03,-4.186501726508140564e-03
-3.673469387755101678e+00,8.163265306122449161e+00,-3.533995011821389198e-03,-3.924572374671697617e-03
-3.673469387755101678e+00,8.571428571428571175e+00,-4.236046224832534790e-03,-3.541843499988317490e-03
-3.673469387755101678e+00,8.979591836734694965e+00,-4.872927907854318619e-03,-3.016973379999399185e-03
-3.673469387755101678e+00,9.387755102040816979e+00,-5.371358711272478104e-03,-2.354927826672792435e-03
-3.673469387755101678e+00,9.795918367346938993e+00,-5.669024772942066193e-03,-1.585885998792946339e-03
-3.673469387755101678e+00,1.020408163265306101e+01,-5.723452195525169373e-03,-7.922736695036292076e-04
-3.673469387755101678e+00,1.061224489795918302e+01,-5.536740645766258240e-03,-4.687699401983991265e-05
-3.673469387755101678e+00,1.102040816326530681e+01,-5.150198936462402344e-03,5.789917195215821266e-04
-3.673469387755101678e+00,1.142857142857142883e+01,-4.640175029635429382e-03,1.049873651936650276e-03
-3.673469387755101678e+00,1.183673469387755084e+01,-4.075224045664072037e-03,1.367440796457231045e-03
-3.673469387755101678e+00,1.224489795918367463e+01,-3.511209506541490555e-03,1.545469160191714764e-03
-3.673469387755101678e+00,1.265306122448979664e+01,-2.986232982948422432e-03,1.614801818504929543e-03
-3.673469387755101678e+00,1.306122448979591866e+01,-2.519473899155855179e-03,1.607169164344668388e-03
-3.673469387755101678e+00,1.346938775510204067e+01,-2.116796793416142464e-03,1.549572567455470562e-03
-3.673469387755101678e+00,1.387755102040816269e+01,-1.775980577804148197e-03,1.462609274312853813e-03
-3.673469387755101678e+00,1.428571428571428648e+01,-1.490905298851430416e-03,1.361274276860058308e-03
-3.673469387755101678e+00,1.469387755102040849e+01,-1.254121540114283562e-03,1.254266127943992615e-03
-3.673469387755101678e+00,1.510204081632653050e+01,-1.058026682585477829e-03,1.148324459791183472e-03
-3.673469387755101678e+00,1.551020408163265429e+01,-8.958303369581699371e-04,1.047042547725141048e-03
-3.673469387755101678e+00,1.591836734693877631e+01,-7.614452624693512917e-04,9.523882763460278511e-04
-3.673469387755101678e+00,1.632653061224489832e+01,-6.497088470496237278e-04,8.653451805002987385e-04
-3.673469387755101678e+00,1.673469387755102034e+01,-5.568965571001172066e-04,7.857813616283237934e-04
-3.673469387755101678e+00,1.714285714285714235e+01,-4.793639527633786201e-04,7.137028151191771030e-04
-3.673469387755101678e+00,1.755102040816326436e+01,-4.142841789871454239e-04,6.486645434051752090e-04
-3.673469387755101678e+00,1.795918367346938993e+01,-3.593493893276900053e-04,5.901644472032785416e-04
-3.673469387755101678e+00,1.836734693877551194e+01,-3.130786935798823833e-04,5.375395412556827068e-04
-3.673469387755101678e+00,1.877551020408163396e+01,-2.737114555202424526e-04,4.902578075416386127e-04
-3.673469387755101678e+00,1.918367346938775597e+01,-2.401087112957611680e-04,4.478048067539930344e-04
-3.673469387755101678e+00,1.959183673469387799e+01,-2.114717062795534730e-04,4.096444172319024801e-04
-3.673469387755101678e+00,2.000000000000000000e+01,-1.868673862190917134e-04,3.753199125640094280e-04
-2.857142857142857650e+00,0.000000000000000000e+00,1.676475629210472107e-02,0.000000000000000000e+00
-2.857142857142857650e+00,4.081632653061224580e-01,1.656415872275829315e-02,-1.743879751302301884e-03
-2.857142857142857650e+00,8.163265306122449161e-01,1.590863801538944244e-02,-3.483324777334928513e-03
-2.857142857142857650e+00,1.224489795918367374e+00,1.474214997142553329e-02,-5.109001882374286652e-03
-2.857142857142857650e+00,1.632653061224489832e+00,1.308356970548629761e-02,-6.427477579563856125e-03
-2.857142857142857650e+00,2.040816326530612290e+00,1.113242562860250473e-02,-7.285695523023605347e-03
-2.857142857142857650e+00,2.448979591836734748e+00,9.151350706815719604e-03,-7.659597322344779968e-03
-2.857142857142857650e+00,2.857142857142857206e+00,7.349983323365449905e-03,-7.666775956749916077e-03
-2.857142857142857650e+00,3.265306122448979664e+00,5.804469808936119080e-03,-7.466819602996110916e-03
-2.857142857142857650e+00,3.673469387755102122e+00,4.503838717937469482e-03,-7.179431151598691940e-03
-2.857142857142857650e+00,4.081632653061224580e+00,3.399920184165239334e-03,-6.876285653561353683e-03
-2.857142857142857650e+00,4.489795918367347483e+00,2.444777870550751686e-03,-6.579663604497909546e-03
-2.857142857142857650e+00,4.897959183673469497e+00,1.624248805455863476e-03,-6.307163741439580917e-03
-2.857142857142857650e+00,5.306122448979591510e+00,9.089360246434807777e-04,-6.099095568060874939e-03
-2.857142857142857650e+00,5.714285714285714413e+00,2.407585561741143465e-04,-5.975986830890178680e-03
-2.857142857142857650e+00,6.122448979591837315e+00,-4.372894181869924068e-04,-5.935196764767169952e-03
-2.857142857142857650e+00,6.530612244897959329e+00,-1.180294435471296310e-03,-5.950382445007562637e-03
-2.857142857142857650e+00,6.938775510204081343e+00,-2.010296331718564034e-03,-5.977504886686801910e-03
-2.857142857142857650e+00,7.346938775510204245e+00,-2.934105228632688522e-03,-5.996851250529289246e-03
-2.857142857142857650e+00,7.755102040816327147e+00,-3.987806849181652069e-03,-5.983059760183095932e-03
-2.857142857142857650e+00,8.163265306122449161e+00,-5.203052423894405365e-03,-5.862296558916568756e-03
-2.857142857142857650e+00,8.571428571428571175e+00,-6.566084921360015869e-03,-5.519054364413022995e-03
-2.857142857142857650e+00,8.979591836734694965e+00,-7.968799211084842682e-03,-4.808009136468172073e-03
-2.857142857142857650e+00,9.387755102040816979e+00,-9.167833253741264343e-03,-3.646713448688387871e-03
-2.857142857142857650e+00,9.795918367346938993e+00,-9.878640994429588318e-03,-2.118778880685567856e-03
-2.857142857142857650e+00,1.020408163265306101e+01,-9.912139736115932465e-03,-4.637933743651956320e-04
-2.857142857142857650e+00,1.061224489795918302e+01,-9.299517609179019928e-03,1.022844808176159859e-03
-2.857142857142857650e+00,1.102040816326530681e+01,-8.221809752285480499e-03,2.118863165378570557e-03
-2.857142857142857650e+00,1.142857142857142883e+01,-6.954783573746681213e-03,2.775039523839950562e-03
-2.857142857142857650e+00,1.183673469387755084e+01,-5.716709885746240616e-03,3.049671649932861328e-03
-2.857142857142857650e+00,1.224489795918367463e+01,-4.619853105396032333e-03,3.063080133870244026e-03
-2.857142857142857650e+00,1.265306122448979664e+01,-3.701014677062630653e-03,2.917475299909710884e-03
-2.857142857142857650e+00,1.306122448979591866e+01,-2.960406942293047905e-03,2.692560199648141861e-03
-2.857142857142857650e+00,1.346938775510204067e+01,-2.373758237808942795e-03,2.438446972519159317e-03
-2.857142857142857650e+00,1.387755102040816269e+01,-1.912446110509335995e-03,2.183900680392980576e-03
-2.857142857142857650e+00,1.428571428571428648e+01,-1.550231012515723705e-03,1.943886629305779934e-03
-2.857142857142857650e+00,1.469387755102040849e+01,-1.264748396351933479e-03,1.725301844999194145e-03
-2.857142857142857650e+00,1.510204081632653050e+01,-1.039541326463222504e-03,1.529616652987897396e-03
-2.857142857142857650e+00,1.551020408163265429e+01,-8.604725589975714684e-04,1.356750726699829102e-03
-2.857142857142857650e+00,1.591836734693877631e+01,-7.172079058364033699e-04,1.205022796057164669e-03
-2.857142857142857650e+00,1.632653061224489832e+01,-6.017634877935051918e-04,1.072281505912542343e-03
-2.857142857142857650e+00,1.673469387755102034e+01,-5.078564863651990891e-04,9.562753839418292046e-04
-2.857142857142857650e+00,1.714285714285714235e+01,-4.314445541240274906e-04,8.549152407795190811e-04
-2.857142857142857650e+00,1.755102040816326436e+01,-3.686064737848937511e-04,7.662333082407712936e-04
-2.857142857142857650e+00,1.795918367346938993e+01,-3.166014212183654308e-04,6.885264883749186993e-04
-2.857142857142857650e+00,1.836734693877551194e+01,-2.730845881160348654e-04,6.202360382303595543e-04
-2.857142857142857650e+00,1.877551020408163396e+01,-2.369120920775458217e-04,5.601779557764530182e-04
-2.857142857142857650e+00,1.918367346938775597e+01,-2.064035506919026375e-04,5.071444902569055557e-04
-2.857142857142857650e+00,1.959183673469387799e+01,-1.805886568035930395e-04,4.602770495694130659e-04
-2.857142857142857650e+00,2.000000000000000000e+01,-1.585455756867304444e-04,4.186509177088737488e-04
-2.040816326530610070e+00,0.000000000000000000e+00,2.833762392401695251e-02,0.000000000000000000e+00
-2.040816326530610070e+00,4.081632653061224580e-01,2.851847186684608459e-02,-2.311745658516883850e-03
-2.040816326530610070e+00,8.163265306122449161e-01,2.825506031513214111e-02,-5.656747147440910339e-03
-2.040816326530610070e+00,1.224489795918367374e+00,2.602091431617736816e-02,-9.543007239699363708e-03
-2.040816326530610070e+00,1.632653061224489832e+00,2.173710428178310394e-02,-1.244058739393949509e-02
-2.040816326530610070e+00,2.040816326530612290e+00,1.683962345123291016e-02,-1.346894912421703339e-02
-2.040816326530610070e+00,2.448979591836734748e+00,1.252573914825916290e-02,-1.313574705272912979e-02
-2.040816326530610070e+00,2.857142857142857206e+00,9.171104058623313904e-03,-1.215759757906198502e-02
-2.040816326530610070e+00,3.265306122448979664e+00,6.692748982459306717e-03,-1.102666743099689484e-02
-2.040816326530610070e+00,3.673469387755102122e+00,4.868069663643836975e-03,-9.978051297366619110e-03
-2.040816326530610070e+00,4.081632653061224580e+00,3.485792549327015877e-03,-9.101779200136661530e-03
-2.040816326530610070e+00,4.489795918367347483e+00,2.401483245193958282e-03,-8.400614373385906219e-03
-2.040816326530610070e+00,4.897959183673469497e+00,1.453798380680382252e-03,-7.846927270293235779e-03
-2.040816326530610070e+00,5.306122448979591510e+00,7.926149410195648670e-04,-7.476554252207279205e-03
-2.040816326530610070e+00,5.714285714285714413e+00,1.392012345604598522e-04,-7.315100170671939850e-03
-2.040816326530610070e+00,6.122448979591837315e+00,-4.859786131419241428e-04,-7.365285418927669525e-03
-2.040816326530610070e+00,6.530612244897959329e+00,-1.362985582090914249e-03,-7.571275811642408371e-03
-2.040816326530610070e+00,6.938775510204081343e+00,-2.326859394088387489e-03,-7.901968434453010559e-03
-2.040816326530610070e+00,7.346938775510204245e+00,-3.548158565536141396e-03,-8.357307873666286469e-03
-2.040816326530610070e+00,7.755102040816327147e+00,-5.106022581458091736e-03,-8.951950818300247192e-03
-2.040816326530610070e+00,8.163265306122449161e+00,-7.236078847199678421e-03,-9.541880339384078979e-03
-2.040816326530610070e+00,8.571428571428571175e+00,-1.009834185242652893e-02,-9.877962991595268250e-03
-2.040816326530610070e+00,8.979591836734694965e+00,-1.369900535792112350e-02,-9.444100782275199890e-03
-2.040816326530610070e+00,9.387755102040816979e+00,-1.753494329750537872e-02,-7.525813765823841095e-03
-2.040816326530610070e+00,9.795918367346938993e+00,-2.024089358747005463e-02,-3.694596467539668083e-03
-2.040816326530610070e+00,1.020408163265306101e+01,-2.026069350540637970e-02,9.859924903139472008e-04
-2.040816326530610070e+00,1.061224489795918302e+01,-1.762809976935386658e-02,4.711550194770097733e-03
-2.040816326530610070e+00,1.102040816326530681e+01,-1.390530075877904892e-02,6.570846308022737503e-03
-2.040816326530610070e+00,1.142857142857142883e+01,-1.040887925773859024e-02,6.930407136678695679e-03
-2.040816326530610070e+00,1.183673469387755084e+01,-7.649638224393129349e-03,6.499159149825572968e-03
-2.040816326530610070e+00,1.224489795918367463e+01,-5.611858796328306198e-03,5.759431514889001846e-03
-2.040816326530610070e+00,1.265306122448979664e+01,-4.151903558522462845e-03,4.971871618181467056e-03
-2.040816326530610070e+00,1.306122448979591866e+01,-3.109750337898731232e-03,4.241793416440486908e-03
-2.040816326530610070e+00,1.346938775510204067e+01,-2.363219857215881348e-03,3.604578319936990738e-03
-2.040816326530610070e+00,1.387755102040816269e+01,-1.821941696107387543e-03,3.065912052989006042e-03
-2.040816326530610070e+00,1.428571428571428648e+01,-1.424175337888300419e-03,2.616066485643386841e-03
-2.040816326530610070e+00,1.469387755102040849e+01,-1.127730589359998703e-03,2.241948852315545082e-03
-2.040816326530610070e+00,1.510204081632653050e+01,-9.033028036355972290e-04,1.930543570779263973e-03
-2.040816326530610070e+00,1.551020408163265429e+01,-7.319789147004485130e-04,1.671014004386961460e-03
-2.040816326530610070e+00,1.591836734693877631e+01,-5.992615479044616222e-04,1.453688833862543106e-03
-2.040816326530610070e+00,1.632653061224489832e+01,-4.951787996105849743e-04,1.270841457881033421e-03
-2.040816326530610070e+00,1.673469387755102034e+01,-4.126662388443946838e-04,1.116221887059509754e-03
-2.040816326530610070e+00,1.714285714285714235e+01,-3.466185007710009813e-04,9.848005138337612152e-04
-2.040816326530610070e+00,1.755102040816326436e+01,-2.929751644842326641e-04,8.724052459001541138e-04
-2.040816326530610070e+00,1.795918367346938993e+01,-2.494809159543365240e-04,7.760456064715981483e-04
-2.040816326530610070e+00,1.836734693877551194e+01,-2.137751434929668903e-04,6.929342634975910187e-04
-2.040816326530610070e+00,1.877551020408163396e+01,-1.841480698203667998e-04,6.209110142663121223e-04
-2.040816326530610070e+00,1.918367346938775597e+01,-1.593864435562863946e-04,5.581191508099436760e-04
-2.040816326530610070e+00,1.959183673469387799e+01,-1.387158263241872191e-04,5.033108172938227654e-04
-2.040816326530610070e+00,2.000000000000000000e+01,-1.212251445394940674e-04,4.552760510705411434e-04
-1.224489795918366042e+00,0.000000000000000000e+00,4.564961791038513184e-02,-9.313225746154785156e-10
-1.224489795918366042e+00,4.081632653061224580e-01,5.268106237053871155e-02,6.691852584481239319e-03
-1.224489795918366042e+00,8.163265306122449161e-01,6.995696574449539185e-02,-1.905378885567188263e-04
-1.224489795918366042e+00,1.224489795918367374e+00,6.504474580287933350e-02,-2.495421096682548523e-02
-1.224489795918366042e+00,1.632653061224489832e+00,4.061109945178031921e-02,-3.131388872861862183e-02
-1.224489795918366042e+00,2.040816326530612290e+00,2.408223226666450500e-02,-2.690671198070049286e-02
-1.224489795918366042e+00,2.448979591836734748e+00,1.472279429435729980e-02,-2.156114578247070312e-02
-1.224489795918366042e+00,2.857142857142857206e+00,9.061824530363082886e-03,-1.692418754100799561e-02
-1.224489795918366042e+00,3.265306122448979664e+00,6.144732236862182617e-03,-1.319557242095470428e-02
-1.224489795918366042e+00,3.673469387755102122e+00,4.428070504218339920e-03,-1.096061337739229202e-02
-1.224489795918366042e+00,4.081632653061224580e+00,2.785396995022892952e-03,-9.093554690480232239e-03
-1.224489795918366042e+00,4.489795918367347483e+00,1.983564347028732300e-03,-7.606318220496177673e-03
-1.224489795918366042e+00,4.897959183673469497e+00,1.136321807280182838e-03,-6.793806329369544983e-03
-1.224489795918366042e+00,5.306122448979591510e+00,5.371035076677799225e-04,-6.254080217331647873e-03
-1.224489795918366042e+00,5.714285714285714413e+00,8.920041000237688422e-05,-6.066773086786270142e-03
-1.224489795918366042e+00,6.122448979591837315e+00,-7.189507014118134975e-04,-6.585256196558475494e-03
-1.224489795918366042e+00,6.530612244897959329e+00,-1.271630520932376385e-03,-6.591739133000373840e-03
-1.224489795918366042e+00,6.938775510204081343e+00,-2.049925969913601875e-03,-7.630066014826297760e-03
-1.224489795918366042e+00,7.346938775510204245e+00,-3.532997798174619675e-03,-8.937964215874671936e-03
-1.224489795918366042e+00,7.755102040816327147e+00,-5.066589452326297760e-03,-1.060308888554573059e-02
-1.224489795918366042e+00,8.163265306122449161e+00,-8.123842068016529083e-03,-1.348206587135791779e-02
-1.224489795918366042e+00,8.571428571428571175e+00,-1.309550367295742035e-02,-1.727397739887237549e-02
-1.224489795918366042e+00,8.979591836734694965e+00,-2.193615213036537170e-02,-2.133508399128913879e-02
-1.224489795918366042e+00,9.387755102040816979e+00,-3.777771815657615662e-02,-2.379909157752990723e-02
-1.224489795918366042e+00,9.795918367346938993e+00,-6.045269966125488281e-02,-1.411032862961292267e-02
-1.224489795918366042e+00,1.020408163265306101e+01,-6.040885671973228455e-02,1.376720611006021500e-02
-1.224489795918366042e+00,1.061224489795918302e+01,-3.794622048735618591e-02,2.345404028892517090e-02
-1.224489795918366042e+00,1.102040816326530681e+01,-2.218218892812728882e-02,2.096635848283767700e-02
-1.224489795918366042e+00,1.142857142857142883e+01,-1.328623853623867035e-02,1.655958406627178192e-02
-1.224489795918366042e+00,1.183673469387755084e+01,-8.284736424684524536e-03,1.273830235004425049e-02
-1.224489795918366042e+00,1.224489795918367463e+01,-5.385873373597860336e-03,9.814426302909851074e-03
-1.224489795918366042e+00,1.265306122448979664e+01,-3.638647031038999557e-03,7.647098973393440247e-03
-1.224489795918366042e+00,1.306122448979591866e+01,-2.546343719586730003e-03,6.045293528586626053e-03
-1.224489795918366042e+00,1.346938775510204067e+01,-1.839334145188331604e-03,4.850910045206546783e-03
-1.224489795918366042e+00,1.387755102040816269e+01,-1.362787792459130287e-03,3.946483135223388672e-03
-1.224489795918366042e+00,1.428571428571428648e+01,-1.032326486892998219e-03,3.251214046031236649e-03
-1.224489795918366042e+00,1.469387755102040849e+01,-7.969953585416078568e-04,2.708889078348875046e-03
-1.224489795918366042e+00,1.510204081632653050e+01,-6.258441717363893986e-04,2.280035056173801422e-03
-1.224489795918366042e+00,1.551020408163265429e+01,-4.986354615539312363e-04,1.936653861775994301e-03
-1.224489795918366042e+00,1.591836734693877631e+01,-4.021649074275046587e-04,1.658173627220094204e-03
-1.224489795918366042e+00,1.632653061224489832e+01,-3.284918493591248989e-04,1.430612639524042606e-03
-1.224489795918366042e+00,1.673469387755102034e+01,-2.709412947297096252e-04,1.242544385604560375e-03
-1.224489795918366042e+00,1.714285714285714235e+01,-2.256123552797362208e-04,1.085764146409928799e-03
-1.224489795918366042e+00,1.755102040816326436e+01,-1.895608147606253624e-04,9.540161699987947941e-04
-1.224489795918366042e+00,1.795918367346938993e+01,-1.602114934939891100e-04,8.423451799899339676e-04
-1.224489795918366042e+00,1.836734693877551194e+01,-1.364765776088461280e-04,7.473924197256565094e-04
-1.224489795918366042e+00,1.877551020408163396e+01,-1.170701070805080235e-04,6.659805076196789742e-04
-1.224489795918366042e+00,1.918367346938775597e+01,-1.008357503451406956e-04,5.956444074399769306e-04
-1.224489795918366042e+00,1.959183673469387799e+01,-8.750765118747949600e-05,5.348433624021708965e-04
-1.224489795918366042e+00,2.000000000000000000e+01,-7.631308108102530241e-05,4.818334709852933884e-04
-4.081632653061220140e-01,0.000000000000000000e+00,3.177432715892791748e-02,0.000000000000000000e+00
-4.081632653061220140e-01,4.081632653061224580e-01,4.571793600916862488e-02,6.415102630853652954e-02
-4.081632653061220140e-01,8.163265306122449161e-01,1.078926324844360352e-01,1.803062111139297485e-01
-4.081632653061220140e-01,1.224489795918367374e+00,9.590465575456619263e-02,3.554699420928955078e-01
-4.081632653061220140e-01,1.632653061224489832e+00,3.736564517021179199e-02,4.533644914627075195e-01
-4.081632653061220140e-01,2.040816326530612290e+00,1.459953002631664276e-02,4.967325627803802490e-01
-4.081632653061220140e-01,2.448979591836734748e+00,8.119730278849601746e-03,5.184701085090637207e-01
-4.081632653061220140e-01,2.857142857142857206e+00,4.807824268937110901e-03,5.293882489204406738e-01
-4.081632653061220140e-01,3.265306122448979664e+00,1.321950461715459824e-03,5.310473442077636719e-01
-4.081632653061220140e-01,3.673469387755102122e+00,9.290454909205436707e-04,5.397772789001464844e-01
-4.081632653061220140e-01,4.081632653061224580e+00,9.530545794405043125e-04,5.430917739868164062e-01
-4.081632653061220140e-01,4.489795918367347483e+00,1.864358549937605858e-03,5.442368388175964355e-01
-4.081632653061220140e-01,4.897959183673469497e+00,-2.779952483251690865e-04,5.438385009765625000e-01
-4.081632653061220140e-01,5.306122448979591510e+00,-6.873821257613599300e-05,5.467014312744140625e-01
-4.081632653061220140e-01,5.714285714285714413e+00,1.076369226211681962e-04,5.469446182250976562e-01
-4.081632653061220140e-01,6.122448979591837315e+00,7.438571774400770664e-04,5.447607636451721191e-01
-4.081632653061220140e-01,6.530612244897959329e+00,-1.693433616310358047e-03,5.450463891029357910e-01
-4.081632653061220140e-01,6.938775510204081343e+00,-6.353004719130694866e-04,5.446998476982116699e-01
-4.081632653061220140e-01,7.346938775510204245e+00,-8.657108410261571407e-04,5.422122478485107422e-01
-4.081632653061220140e-01,7.755102040816327147e+00,-2.745202276855707169e-03,5.338028669357299805e-01
-4.081632653061220140e-01,8.163265306122449161e+00,-4.618841223418712616e-03,5.328685045242309570e-01
-4.081632653061220140e-01,8.571428571428571175e+00,-7.584718987345695496e-03,5.231586694717407227e-01
-4.081632653061220140e-01,8.979591836734694965e+00,-1.412405818700790405e-02,5.028348565101623535e-01
-4.081632653061220140e-01,9.387755102040816979e+00,-3.725543618202209473e-02,4.597356319427490234e-01
-4.081632653061220140e-01,9.795918367346938993e+00,-9.800512343645095825e-02,3.616932928562164307e-01
-4.081632653061220140e-01,1.020408163265306101e+01,-9.880525618791580200e-02,1.923030763864517212e-01
-4.081632653061220140e-01,1.061224489795918302e+01,-3.625372797250747681e-02,9.145815670490264893e-02
-4.081632653061220140e-01,1.102040816326530681e+01,-1.525995787233114243e-02,4.946059361100196838e-02
-4.081632653061220140e-01,1.142857142857142883e+01,-7.437900174409151077e-03,2.983892522752285004e-02
-4.081632653061220140e-01,1.183673469387755084e+01,-4.052625969052314758e-03,1.950032822787761688e-02
-4.081632653061220140e-01,1.224489795918367463e+01,-2.403747523203492165e-03,1.352193765342235565e-02
-4.081632653061220140e-01,1.265306122448979664e+01,-1.527047599665820599e-03,9.819917380809783936e-03
-4.081632653061220140e-01,1.306122448979591866e+01,-1.020375406369566917e-03,7.383925840258598328e-03
-4.081632653061220140e-01,1.346938775510204067e+01,-7.120848167687654495e-04,5.713104270398616791e-03
-4.081632653061220140e-01,1.387755102040816269e+01,-5.138340638950467110e-04,4.523021169006824493e-03
-4.081632653061220140e-01,1.428571428571428648e+01,-3.825038147624582052e-04,3.650771919637918472e-03
-4.081632653061220140e-01,1.469387755102040849e+01,-2.905492438003420830e-04,2.993417438119649887e-03
-4.081632653061220140e-01,1.510204081632653050e+01,-2.254266146337613463e-04,2.487479476258158684e-03
-4.081632653061220140e-01,1.551020408163265429e+01,-1.782886392902582884e-04,2.091008704155683517e-03
-4.081632653061220140e-01,1.591836734693877631e+01,-1.428014948032796383e-04,1.774966134689748287e-03
-4.081632653061220140e-01,1.632653061224489832e+01,-1.157386795966885984e-04,1.520546153187751770e-03
-4.081632653061220140e-01,1.673469387755102034e+01,-9.524796769255772233e-05,1.312776352278888226e-03
-4.081632653061220140e-01,1.714285714285714235e+01,-7.895183080108836293e-05,1.141302753239870071e-03
-4.081632653061220140e-01,1.755102040816326436e+01,-6.606032548006623983e-05,9.984612697735428810e-04
-4.081632653061220140e-01,1.795918367346938993e+01,-5.557935946853831410e-05,8.782095392234623432e-04
-4.081632653061220140e-01,1.836734693877551194e+01,-4.740981239592656493e-05,7.766514318063855171e-04
-4.081632653061220140e-01,1.877551020408163396e+01,-4.046303365612402558e-05,6.900626467540860176e-04
-4.081632653061220140e-01,1.918367346938775597e+01,-3.476714482530951500e-05,6.157634197734296322e-04
-4.081632653061220140e-01,1.959183673469387799e+01,-2.973181108245626092e-05,5.515031516551971436e-04
-4.081632653061220140e-01,2.000000000000000000e+01,-2.593799217720516026e-05,4.958430654369294643e-04
4.081632653061220140e-01,0.000000000000000000e+00,-3.177432715892791748e-02,0.000000000000000000e+00
4.081632653061220140e-01,4.081632653061224580e-01,-4.571793600916862488e-02,6.415102630853652954e-02
4.081632653061220140e-01,8.163265306122449161e-01,-1.078926324844360352e-01,1.803062111139297485e-01
4.081632653061220140e-01,1.224489795918367374e+00,-9.590465575456619263e-02,3.554699420928955078e-01
4.081632653061220140e-01,1.632653061224489832e+00,-3.736564517021179199e-02,4.533644914627075195e-01
4.081632653061220140e-01,2.040816326530612290e+00,-1.459953002631664276e-02,4.967325627803802490e-01
4.081632653061220140e-01,2.448979591836734748e+00,-8.119730278849601746e-03,5.184701085090637207e-01
4.081632653061220140e-01,2.857142857142857206e+00,-4.807824268937110901e-03,5.293882489204406738e-01
4.081632653061220140e-01,3.265306122448979664e+00,-1.321950461715459824e-03,5.310473442077636719e-01
4.081632653061220140e-01,3.673469387755102122e+00,-9.290454909205436707e-04,5.397772789001464844e-01
4.081632653061220140e-01,4.081632653061224580e+00,-9.530545794405043125e-04,5.430917739868164062e-01
4.081632653061220140e-01,4.489795918367347483e+00,-1.864358549937605858e-03,5.442368388175964355e-01
4.081632653061220140e-01,4.897959183673469497e+00,2.779952483251690865e-04,5.438385009765625000e-01
4.081632653061220140e-01,5.306122448979591510e+00,6.873821257613599300e-05,5.467014312744140625e-01
4.081632653061220140e-01,5.714285714285714413e+00,-1.076369226211681962e-04,5.469446182250976562e-01
4.081632653061220140e-01,6.122448979591837315e+00,-7.438571774400770664e-04,5.447607636451721191e-01
4.081632653061220140e-01,6.530612244897959329e+00,1.693433616310358047e-03,5.450463891029357910e-01
4.081632653061220140e-01,6.938775510204081343e+00,6.353004719130694866e-04,5.446998476982116699e-01
4.081632653061220140e-01,7.346938775510204245e+00,8.657108410261571407e-04,5.422122478485107422e-01
4.081632653061220140e-01,7.755102040816327147e+00,2.745202276855707169e-03,5.338028669357299805e-01
4.081632653061220140e-01,8.163265306122449161e+00,4.618841223418712616e-03,5.328685045242309570e-01
4.081632653061220140e-01,8.571428571428571175e+00,7.584718987345695496e-03,5.231586694717407227e-01
4.081632653061220140e-01,8.979591836734694965e+00,1.412405818700790405e-02,5.028348565101623535e-01
4.081632653061220140e-01,9.387755102040816979e+00,3.725543618202209473e-02,4.597356319427490234e-01
4.081632653061220140e-01,9.795918367346938993e+00,9.800512343645095825e-02,3.616932928562164307e-01
4.081632653061220140e-01,1.020408163265306101e+01,9.880525618791580200e-02,1.923030763864517212e-01
4.081632653061220140e-01,1.061224489795918302e+01,3.625372797250747681e-02,9.145815670490264893e-02
4.081632653061220140e-01,1.102040816326530681e+01,1.525995787233114243e-02,4.946059361100196838e-02
4.081632653061220140e-01,1.142857142857142883e+01,7.437900174409151077e-03,2.983892522752285004e-02
4.081632653061220140e-01,1.183673469387755084e+01,4.052625969052314758e-03,1.950032822787761688e-02
4.081632653061220140e-01,1.224489795918367463e+01,2.403747523203492165e-03,1.352193765342235565e-02
4.081632653061220140e-01,1.265306122448979664e+01,1.527047599665820599e-03,9.819917380809783936e-03
4.081632653061220140e-01,1.306122448979591866e+01,1.020375406369566917e-03,7.383925840258598328e-03
4.081632653061220140e-01,1.346938775510204067e+01,7.120848167687654495e-04,5.713104270398616791e-03
4.081632653061220140e-01,1.387755102040816269e+01,5.138340638950467110e-04,4.523021169006824493e-03
4.081632653061220140e-01,1.428571428571428648e+01,3.825038147624582052e-04,3.650771919637918472e-03
4.081632653061220140e-01,1.469387755102040849e+01,2.905492438003420830e-04,2.993417438119649887e-03
4.081632653061220140e-01,1.510204081632653050e+01,2.254266146337613463e-04,2.487479476258158684e-03
4.081632653061220140e-01,1.551020408163265429e+01,1.782886392902582884e-04,2.091008704155683517e-03
4.081632653061220140e-01,1.591836734693877631e+01,1.428014948032796383e-04,1.774966134689748287e-03
4.081632653061220140e-01,1.632653061224489832e+01,1.157386795966885984e-04,1.520546153187751770e-03
4.081632653061220140e-01,1.673469387755102034e+01,9.524796769255772233e-05,1.312776352278888226e-03
4.081632653061220140e-01,1.714285714285714235e+01,7.895183080108836293e-05,1.141302753239870071e-03
4.081632653061220140e-01,1.755102040816326436e+01,6.606032548006623983e-05,9.984612697735428810e-04
4.081632653061220140e-01,1.795918367346938993e+01,5.557935946853831410e-05,8.782095392234623432e-04
4.081632653061220140e-01,1.836734693877551194e+01,4.740981239592656493e-05,7.766514318063855171e-04
4.081632653061220140e-01,1.877551020408163396e+01,4.046303365612402558e-05,6.900626467540860176e-04
4.081632653061220140e-01,1.918367346938775597e+01,3.476714482530951500e-05,6.157634197734296322e-04
4.081632653061220140e-01,1.959183673469387799e+01,2.973181108245626092e-05,5.515031516551971436e-04
4.081632653061220140e-01,2.000000000000000000e+01,2.593799217720516026e-05,4.958430654369294643e-04
1.224489795918366042e+00,0.000000000000000000e+00,-4.564961791038513184e-02,-9.313225746154785156e-10
1.224489795918366042e+00,4.081632653061224580e-01,-5.268106237053871155e-02,6.691852584481239319e-03
1.224489795918366042e+00,8.163265306122449161e-01,-6.995696574449539185e-02,-1.905378885567188263e-04
1.224489795918366042e+00,1.224489795918367374e+00,-6.504474580287933350e-02,-2.495421096682548523e-02
1.224489795918366042e+00,1.632653061224489832e+00,-4.061109945178031921e-02,-3.131388872861862183e-02
1.224489795918366042e+00,2.040816326530612290e+00,-2.408223226666450500e-02,-2.690671198070049286e-02
1.224489795918366042e+00,2.448979591836734748e+00,-1.472279429435729980e-02,-2.156114578247070312e-02
1.224489795918366042e+00,2.857142857142857206e+00,-9.061824530363082886e-03,-1.692418754100799561e-02
1.224489795918366042e+00,3.265306122448979664e+00,-6.144732236862182617e-03,-1.319557242095470428e-02
1.224489795918366042e+00,3.673469387755102122e+00,-4.428070504218339920e-03,-1.096061337739229202e-02
1.224489795918366042e+00,4.081632653061224580e+00,-2.785396995022892952e-03,-9.093554690480232239e-03
1.224489795918366042e+00,4.489795918367347483e+00,-1.983564347028732300e-03,-7.606318220496177673e-03
1.224489795918366042e+00,4.897959183673469497e+00,-1.136321807280182838e-03,-6.793806329369544983e-03
1.224489795918366042e+00,5.306122448979591510e+00,-5.371035076677799225e-04,-6.254080217331647873e-03
1.224489795918366042e+00,5.714285714285714413e+00,-8.920041000237688422e-05,-6.066773086786270142e-03
1.224489795918366042e+00,6.122448979591837315e+00,7.189507014118134975e-04,-6.585256196558475494e-03
1.224489795918366042e+00,6.530612244897959329e+00,1.271630520932376385e-03,-6.591739133000373840e-03
1.224489795918366042e+00,6.938775510204081343e+00,2.049925969913601875e-03,-7.630066014826297760e-03
1.224489795918366042e+00,7.346938775510204245e+00,3.532997798174619675e-03,-8.937964215874671936e-03
1.224489795918366042e+00,7.755102040816327147e+00,5.066589452326297760e-03,-1.060308888554573059e-02
1.224489795918366042e+00,8.163265306122449161e+00,8.123842068016529083e-03,-1.348206587135791779e-02
1.224489795918366042e+00,8.571428571428571175e+00,1.309550367295742035e-02,-1.727397739887237549e-02
1.224489795918366042e+00,8.979591836734694965e+00,2.193615213036537170e-02,-2.133508399128913879e-02
1.224489795918366042e+00,9.387755102040816979e+00,3.777771815657615662e-02,-2.379909157752990723e-02
1.224489795918366042e+00,9.795918367346938993e+00,6.045269966125488281e-02,-1.411032862961292267e-02
1.224489795918366042e+00,1.020408163265306101e+01,6.040885671973228455e-02,1.376720611006021500e-02
1.224489795918366042e+00,1.061224489795918302e+01,3.794622048735618591e-02,2.345404028892517090e-02
1.224489795918366042e+00,1.102040816326530681e+01,2.218218892812728882e-02,2.096635848283767700e-02
1.224489795918366042e+00,1.142857142857142883e+01,1.328623853623867035e-02,1.655958406627178192e-02
1.224489795918366042e+00,1.183673469387755084e+01,8.284736424684524536e-03,1.273830235004425049e-02
1.224489795918366042e+00,1.224489795918367463e+01,5.385873373597860336e-03,9.814426302909851074e-03
1.224489795918366042e+00,1.265306122448979664e+01,3.638647031038999557e-03,7.647098973393440247e-03
1.224489795918366042e+00,1.306122448979591866e+01,2.546343719586730003e-03,6.045293528586626053e-03
1.224489795918366042e+00,1.346938775510204067e+01,1.839334145188331604e-03,4.850910045206546783e-03
1.224489795918366042e+00,1.387755102040816269e+01,1.362787792459130287e-03,3.946483135223388672e-03
1.224489795918366042e+00,1.428571428571428648e+01,1.032326486892998219e-03,3.251214046031236649e-03
1.224489795918366042e+00,1.469387755102040849e+01,7.969953585416078568e-04,2.708889078348875046e-03
1.224489795918366042e+00,1.510204081632653050e+01,6.258441717363893986e-04,2.280035056173801422e-03
1.224489795918366042e+00,1.551020408163265429e+01,4.986354615539312363e-04,1.936653861775994301e-03
1.224489795918366042e+00,1.591836734693877631e+01,4.021649074275046587e-04,1.658173627220094204e-03
1.224489795918366042e+00,1.632653061224489832e+01,3.284918493591248989e-04,1.430612639524042606e-03
1.224489795918366042e+00,1.673469387755102034e+01,2.709412947297096252e-04,1.242544385604560375e-03
1.224489795918366042e+00,1.714285714285714235e+01,2.256123552797362208e-04,1.085764146409928799e-03
1.224489795918366042e+00,1.755102040816326436e+01,1.895608147606253624e-04,9.540161699987947941e-04
1.224489795918366042e+00,1.795918367346938993e+01,1.602114934939891100e-04,8.423451799899339676e-04
1.224489795918366042e+00,1.836734693877551194e+01,1.364765776088461280e-04,7.473924197256565094e-04
1.224489795918366042e+00,1.877551020408163396e+01,1.170701070805080235e-04,6.659805076196789742e-04
1.224489795918366042e+00,1.918367346938775597e+01,1.008357503451406956e-04,5.956444074399769306e-04
1.224489795918366042e+00,1.959183673469387799e+01,8.750765118747949600e-05,5.348433624021708965e-04
1.224489795918366042e+00,2.000000000000000000e+01,7.631308108102530241e-05,4.818334709852933884e-04
2.040816326530613622e+00,0.000000000000000000e+00,-2.833762392401695251e-02,0.000000000000000000e+00
2.040816326530613622e+00,4.081632653061224580e-01,-2.851847186684608459e-02,-2.311745658516883850e-03
2.040816326530613622e+00,8.163265306122449161e-01,-2.825506031513214111e-02,-5.656747147440910339e-03
2.040816326530613622e+00,1.224489795918367374e+00,-2.602091431617736816e-02,-9.543007239699363708e-03
2.040816326530613622e+00,1.632653061224489832e+00,-2.173710428178310394e-02,-1.244058739393949509e-02
2.040816326530613622e+00,2.040816326530612290e+00,-1.683962345123291016e-02,-1.346894912421703339e-02
2.040816326530613622e+00,2.448979591836734748e+00,-1.252573914825916290e-02,-1.313574705272912979e-02
2.040816326530613622e+00,2.857142857142857206e+00,-9.171104058623313904e-03,-1.215759757906198502e-02
2.040816326530613622e+00,3.265306122448979664e+00,-6.692748982459306717e-03,-1.102666743099689484e-02
2.040816326530613622e+00,3.673469387755102122e+00,-4.868069663643836975e-03,-9.978051297366619110e-03
2.040816326530613622e+00,4.081632653061224580e+00,-3.485792549327015877e-03,-9.101779200136661530e-03
2.040816326530613622e+00,4.489795918367347483e+00,-2.401483245193958282e-03,-8.400614373385906219e-03
2.040816326530613622e+00,4.897959183673469497e+00,-1.453798380680382252e-03,-7.846927270293235779e-03
2.040816326530613622e+00,5.306122448979591510e+00,-7.926149410195648670e-04,-7.476554252207279205e-03
2.040816326530613622e+00,5.714285714285714413e+00,-1.392012345604598522e-04,-7.315100170671939850e-03
2.040816326530613622e+00,6.122448979591837315e+00,4.859786131419241428e-04,-7.365285418927669525e-03
2.040816326530613622e+00,6.530612244897959329e+00,1.362985582090914249e-03,-7.571275811642408371e-03
2.040816326530613622e+00,6.938775510204081343e+00,2.326859394088387489e-03,-7.901968434453010559e-03
2.040816326530613622e+00,7.346938775510204245e+00,3.548158565536141396e-03,-8.357307873666286469e-03
2.040816326530613622e+00,7.755102040816327147e+00,5.106022581458091736e-03,-8.951950818300247192e-03
2.040816326530613622e+00,8.163265306122449161e+00,7.236078847199678421e-03,-9.541880339384078979e-03
2.040816326530613622e+00,8.571428571428571175e+00,1.009834185242652893e-02,-9.877962991595268250e-03
2.040816326530613622e+00,8.979591836734694965e+00,1.369900535792112350e-02,-9.444100782275199890e-03
2.040816326530613622e+00,9.387755102040816979e+00,1.753494329750537872e-02,-7.525813765823841095e-03
2.040816326530613622e+00,9.795918367346938993e+00,2.024089358747005463e-02,-3.694596467539668083e-03
2.040816326530613622e+00,1.020408163265306101e+01,2.026069350540637970e-02,9.859924903139472008e-04
2.040816326530613622e+00,1.061224489795918302e+01,1.762809976935386658e-02,4.711550194770097733e-03
2.040816326530613622e+00,1.102040816326530681e+01,1.390530075877904892e-02,6.570846308022737503e-03
2.040816326530613622e+00,1.142857142857142883e+01,1.040887925773859024e-02,6.930407136678695679e-03
2.040816326530613622e+00,1.183673469387755084e+01,7.649638224393129349e-03,6.499159149825572968e-03
2.040816326530613622e+00,1.224489795918367463e+01,5.611858796328306198e-03,5.759431514889001846e-03
2.040816326530613622e+00,1.265306122448979664e+01,4.151903558522462845e-03,4.971871618181467056e-03
2.040816326530613622e+00,1.306122448979591866e+01,3.109750337898731232e-03,4.241793416440486908e-03
2.040816326530613622e+00,1.346938775510204067e+01,2.363219857215881348e-03,3.604578319936990738e-03
2.040816326530613622e+00,1.387755102040816269e+01,1.821941696107387543e-03,3.065912052989006042e-03
2.040816326530613622e+00,1.428571428571428648e+01,1.424175337888300419e-03,2.616066485643386841e-03
2.040816326530613622e+00,1.469387755102040849e+01,1.127730589359998703e-03,2.241948852315545082e-03
2.040816326530613622e+00,1.510204081632653050e+01,9.033028036355972290e-04,1.930543570779263973e-03
2.040816326530613622e+00,1.551020408163265429e+01,7.319789147004485130e-04,1.671014004386961460e-03
2.040816326530613622e+00,1.591836734693877631e+01,5.992615479044616222e-04,1.453688833862543106e-03
2.040816326530613622e+00,1.632653061224489832e+01,4.951787996105849743e-04,1.270841457881033421e-03
2.040816326530613622e+00,1.673469387755102034e+01,4.126662388443946838e-04,1.116221887059509754e-03
2.040816326530613622e+00,1.714285714285714235e+01,3.466185007710009813e-04,9.848005138337612152e-04
2.040816326530613622e+00,1.755102040816326436e+01,2.929751644842326641e-04,8.724052459001541138e-04
2.040816326530613622e+00,1.795918367346938993e+01,2.494809159543365240e-04,7.760456064715981483e-04
2.040816326530613622e+00,1.836734693877551194e+01,2.137751434929668903e-04,6.929342634975910187e-04
2.040816326530613622e+00,1.877551020408163396e+01,1.841480698203667998e-04,6.209110142663121223e-04
2.040816326530613622e+00,1.918367346938775597e+01,1.593864435562863946e-04,5.581191508099436760e-04
2.040816326530613622e+00,1.959183673469387799e+01,1.387158263241872191e-04,5.033108172938227654e-04
2.040816326530613622e+00,2.000000000000000000e+01,1.212251445394940674e-04,4.552760510705411434e-04
2.857142857142857650e+00,0.000000000000000000e+00,-1.676475629210472107e-02,0.000000000000000000e+00
2.857142857142857650e+00,4.081632653061224580e-01,-1.656415872275829315e-02,-1.743879751302301884e-03
2.857142857142857650e+00,8.163265306122449161e-01,-1.590863801538944244e-02,-3.483324777334928513e-03
2.857142857142857650e+00,1.224489795918367374e+00,-1.474214997142553329e-02,-5.109001882374286652e-03
2.857142857142857650e+00,1.632653061224489832e+00,-1.308356970548629761e-02,-6.427477579563856125e-03
2.857142857142857650e+00,2.040816326530612290e+00,-1.113242562860250473e-02,-7.285695523023605347e-03
2.857142857142857650e+00,2.448979591836734748e+00,-9.151350706815719604e-03,-7.659597322344779968e-03
2.857142857142857650e+00,2.857142857142857206e+00,-7.349983323365449905e-03,-7.666775956749916077e-03
2.857142857142857650e+00,3.265306122448979664e+00,-5.804469808936119080e-03,-7.466819602996110916e-03
2.857142857142857650e+00,3.673469387755102122e+00,-4.503838717937469482e-03,-7.179431151598691940e-03
2.857142857142857650e+00,4.081632653061224580e+00,-3.399920184165239334e-03,-6.876285653561353683e-03
2.857142857142857650e+00,4.489795918367347483e+00,-2.444777870550751686e-03,-6.579663604497909546e-03
2.857142857142857650e+00,4.897959183673469497e+00,-1.624248805455863476e-03,-6.307163741439580917e-03
2.857142857142857650e+00,5.306122448979591510e+00,-9.089360246434807777e-04,-6.099095568060874939e-03
2.857142857142857650e+00,5.714285714285714413e+00,-2.407585561741143465e-04,-5.975986830890178680e-03
2.857142857142857650e+00,6.122448979591837315e+00,4.372894181869924068e-04,-5.935196764767169952e-03
2.857142857142857650e+00,6.530612244897959329e+00,1.180294435471296310e-03,-5.950382445007562637e-03
2.857142857142857650e+00,6.938775510204081343e+00,2.010296331718564034e-03,-5.977504886686801910e-03
2.857142857142857650e+00,7.346938775510204245e+00,2.934105228632688522e-03,-5.996851250529289246e-03
2.857142857142857650e+00,7.755102040816327147e+00,3.987806849181652069e-03,-5.983059760183095932e-03
2.857142857142857650e+00,8.163265306122449161e+00,5.203052423894405365e-03,-5.862296558916568756e-03
2.857142857142857650e+00,8.571428571428571175e+00,6.566084921360015869e-03,-5.519054364413022995e-03
2.857142857142857650e+00,8.979591836734694965e+00,7.968799211084842682e-03,-4.808009136468172073e-03
2.857142857142857650e+00,9.387755102040816979e+00,9.167833253741264343e-03,-3.646713448688387871e-03
2.857142857142857650e+00,9.795918367346938993e+00,9.878640994429588318e-03,-2.118778880685567856e-03
2.857142857142857650e+00,1.020408163265306101e+01,9.912139736115932465e-03,-4.637933743651956320e-04
2.857142857142857650e+00,1.061224489795918302e+01,9.299517609179019928e-03,1.022844808176159859e-03
2.857142857142857650e+00,1.102040816326530681e+01,8.221809752285480499e-03,2.118863165378570557e-03
2.857142857142857650e+00,1.142857142857142883e+01,6.954783573746681213e-03,2.775039523839950562e-03
2.857142857142857650e+00,1.183673469387755084e+01,5.716709885746240616e-03,3.049671649932861328e-03
2.857142857142857650e+00,1.224489795918367463e+01,4.619853105396032333e-03,3.063080133870244026e-03
2.857142857142857650e+00,1.265306122448979664e+01,3.701014677062630653e-03,2.917475299909710884e-03
2.857142857142857650e+00,1.306122448979591866e+01,2.960406942293047905e-03,2.692560199648141861e-03
2.857142857142857650e+00,1.346938775510204067e+01,2.373758237808942795e-03,2.438446972519159317e-03
2.857142857142857650e+00,1.387755102040816269e+01,1.912446110509335995e-03,2.183900680392980576e-03
2.857142857142857650e+00,1.428571428571428648e+01,1.550231012515723705e-03,1.943886629305779934e-03
2.857142857142857650e+00,1.469387755102040849e+01,1.264748396351933479e-03,1.725301844999194145e-03
2.857142857142857650e+00,1.510204081632653050e+01,1.039541326463222504e-03,1.529616652987897396e-03
2.857142857142857650e+00,1.551020408163265429e+01,8.604725589975714684e-04,1.356750726699829102e-03
2.857142857142857650e+00,1.591836734693877631e+01,7.172079058364033699e-04,1.205022796057164669e-03
2.857142857142857650e+00,1.632653061224489832e+01,6.017634877935051918e-04,1.072281505912542343e-03
2.857142857142857650e+00,1.673469387755102034e+01,5.078564863651990891e-04,9.562753839418292046e-04
2.857142857142857650e+00,1.714285714285714235e+01,4.314445541240274906e-04,8.549152407795190811e-04
2.857142857142857650e+00,1.755102040816326436e+01,3.686064737848937511e-04,7.662333082407712936e-04
2.857142857142857650e+00,1.795918367346938993e+01,3.166014212183654308e-04,6.885264883749186993e-04
2.857142857142857650e+00,1.836734693877551194e+01,2.730845881160348654e-04,6.202360382303595543e-04
2.857142857142857650e+00,1.877551020408163396e+01,2.369120920775458217e-04,5.601779557764530182e-04
2.857142857142857650e+00,1.918367346938775597e+01,2.064035506919026375e-04,5.071444902569055557e-04
2.857142857142857650e+00,1.959183673469387799e+01,1.805886568035930395e-04,4.602770495694130659e-04
2.857142857142857650e+00,2.000000000000000000e+01,1.585455756867304444e-04,4.186509177088737488e-04
3.673469387755101678e+00,0.000000000000000000e+00,-1.058845780789852142e-02,5.820766091346740723e-11
3.673469387755101678e+00,4.081632653061224580e-01,-1.046293880790472031e-02,-1.065758755430579185e-03
3.673469387755101678e+00,8.163265306122449161e-01,-1.007950492203235626e-02,-2.094171941280364990e-03
3.673469387755101678e+00,1.224489795918367374e+00,-9.455577470362186432e-03,-3.025033045560121536e-03
3.673469387755101678e+00,1.632653061224489832e+00,-8.630510419607162476e-03,-3.815717995166778564e-03
3.673469387755101678e+00,2.040816326530612290e+00,-7.669439539313316345e-03,-4.416226875036954880e-03
3.673469387755101678e+00,2.448979591836734748e+00,-6.641761399805545807e-03,-4.824928939342498779e-03
3.673469387755101678e+00,2.857142857142857206e+00,-5.619090516120195389e-03,-5.058795213699340820e-03
3.673469387755101678e+00,3.265306122448979664e+00,-4.649223759770393372e-03,-5.154687445610761642e-03
3.673469387755101678e+00,3.673469387755102122e+00,-3.756801132112741470e-03,-5.152747500687837601e-03
3.673469387755101678e+00,4.081632653061224580e+00,-2.947850152850151062e-03,-5.090694874525070190e-03
3.673469387755101678e+00,4.489795918367347483e+00,-2.216327702626585960e-03,-4.997560754418373108e-03
3.673469387755101678e+00,4.897959183673469497e+00,-1.549222972244024277e-03,-4.894620738923549652e-03
3.673469387755101678e+00,5.306122448979591510e+00,-9.289727313444018364e-04,-4.796125460416078568e-03
3.673469387755101678e+00,5.714285714285714413e+00,-3.361110575497150421e-04,-4.708690103143453598e-03
3.673469387755101678e+00,6.122448979591837315e+00,2.498900576028972864e-04,-4.632135387510061264e-03
3.673469387755101678e+00,6.530612244897959329e+00,8.474638452753424644e-04,-4.558844491839408875e-03
3.673469387755101678e+00,6.938775510204081343e+00,1.470989780500531197e-03,-4.474662244319915771e-03
3.673469387755101678e+00,7.346938775510204245e+00,2.128624590113759041e-03,-4.359350074082612991e-03
3.673469387755101678e+00,7.755102040816327147e+00,2.820678520947694778e-03,-4.186501726508140564e-03
3.673469387755101678e+00,8.163265306122449161e+00,3.533995011821389198e-03,-3.924572374671697617e-03
3.673469387755101678e+00,8.571428571428571175e+00,4.236046224832534790e-03,-3.541843499988317490e-03
3.673469387755101678e+00,8.979591836734694965e+00,4.872927907854318619e-03,-3.016973379999399185e-03
3.673469387755101678e+00,9.387755102040816979e+00,5.371358711272478104e-03,-2.354927826672792435e-03
3.673469387755101678e+00,9.795918367346938993e+00,5.669024772942066193e-03,-1.585885998792946339e-03
3.673469387755101678e+00,1.020408163265306101e+01,5.723452195525169373e-03,-7.922736695036292076e-04
3.673469387755101678e+00,1.061224489795918302e+01,5.536740645766258240e-03,-4.687699401983991265e-05
3.673469387755101678e+00,1.102040816326530681e+01,5.150198936462402344e-03,5.789917195215821266e-04
3.673469387755101678e+00,1.142857142857142883e+01,4.640175029635429382e-03,1.049873651936650276e-03
3.673469387755101678e+00,1.183673469387755084e+01,4.075224045664072037e-03,1.367440796457231045e-03
3.673469387755101678e+00,1.224489795918367463e+01,3.511209506541490555e-03,1.545469160191714764e-03
3.673469387755101678e+00,1.265306122448979664e+01,2.986232982948422432e-03,1.614801818504929543e-03
3.673469387755101678e+00,1.306122448979591866e+01,2.519473899155855179e-03,1.607169164344668388e-03
3.673469387755101678e+00,1.346938775510204067e+01,2.116796793416142464e-03,1.549572567455470562e-03
3.673469387755101678e+00,1.387755102040816269e+01,1.775980577804148197e-03,1.462609274312853813e-03
3.673469387755101678e+00,1.428571428571428648e+01,1.490905298851430416e-03,1.361274276860058308e-03
3.673469387755101678e+00,1.469387755102040849e+01,1.254121540114283562e-03,1.254266127943992615e-03
3.673469387755101678e+00,1.510204081632653050e+01,1.058026682585477829e-03,1.148324459791183472e-03
3.673469387755101678e+00,1.551020408163265429e+01,8.958303369581699371e-04,1.047042547725141048e-03
3.673469387755101678e+00,1.591836734693877631e+01,7.614452624693512917e-04,9.523882763460278511e-04
3.673469387755101678e+00,1.632653061224489832e+01,6.497088470496237278e-04,8.653451805002987385e-04
3.673469387755101678e+00,1.673469387755102034e+01,5.568965571001172066e-04,7.857813616283237934e-04
3.673469387755101678e+00,1.714285714285714235e+01,4.793639527633786201e-04,7.137028151191771030e-04
3.673469387755101678e+00,1.755102040816326436e+01,4.142841789871454239e-04,6.486645434051752090e-04
3.673469387755101678e+00,1.795918367346938993e+01,3.593493893276900053e-04,5.901644472032785416e-04
3.673469387755101678e+00,1.836734693877551194e+01,3.130786935798823833e-04,5.375395412556827068e-04
3.673469387755101678e+00,1.877551020408163396e+01,2.737114555202424526e-04,4.902578075416386127e-04
3.673469387755101678e+00,1.918367346938775597e+01,2.401087112957611680e-04,4.478048067539930344e-04
3.673469387755101678e+00,1.959183673469387799e+01,2.114717062795534730e-04,4.096444172319024801e-04
3.673469387755101678e+00,2.000000000000000000e+01,1.868673862190917134e-04,3.753199125640094280e-04
4.489795918367349259e+00,0.000000000000000000e+00,-7.106124423444271088e-03,0.000000000000000000e+00
4.489795918367349259e+00,4.081632653061224580e-01,-7.032770663499832153e-03,-6.744005950167775154e-04
4.489795918367349259e+00,8.163265306122449161e-01,-6.819736212491989136e-03,-1.324411714449524879e-03
4.489795918367349259e+00,1.224489795918367374e+00,-6.473541725426912308e-03,-1.921385060995817184e-03
4.489795918367349259e+00,1.632653061224489832e+00,-6.017276085913181305e-03,-2.445270773023366928e-03
4.489795918367349259e+00,2.040816326530612290e+00,-5.472922232002019882e-03,-2.883251523599028587e-03
4.489795918367349259e+00,2.448979591836734748e+00,-4.881652537733316422e-03,-3.224709071218967438e-03
4.489795918367349259e+00,2.857142857142857206e+00,-4.254702944308519363e-03,-3.469210118055343628e-03
4.489795918367349259e+00,3.265306122448979664e+00,-3.632599953562021255e-03,-3.632615786045789719e-03
4.489795918367349259e+00,3.673469387755102122e+00,-3.027443541213870049e-03,-3.727063070982694626e-03
4.489795918367349259e+00,4.081632653061224580e+00,-2.449345542117953300e-03,-3.768366295844316483e-03
4.489795918367349259e+00,4.489795918367347483e+00,-1.901537645608186722e-03,-3.771157935261726379e-03
4.489795918367349259e+00,4.897959183673469497e+00,-1.382218673825263977e-03,-3.747498383745551109e-03
4.489795918367349259e+00,5.306122448979591510e+00,-8.863254915922880173e-04,-3.704934380948543549e-03
4.489795918367349259e+00,5.714285714285714413e+00,-4.073173622600734234e-04,-3.647958394140005112e-03
4.489795918367349259e+00,6.122448979591837315e+00,6.154400762170553207e-05,-3.577266819775104523e-03
4.489795918367349259e+00,6.530612244897959329e+00,5.262471968308091164e-04,-3.490108298137784004e-03
4.489795918367349259e+00,6.938775510204081343e+00,9.906144114211201668e-04,-3.380042267963290215e-03
4.489795918367349259e+00,7.346938775510204245e+00,1.454871962778270245e-03,-3.238077741116285324e-03
4.489795918367349259e+00,7.755102040816327147e+00,1.914174295961856842e-03,-3.053385764360427856e-03
4.489795918367349259e+00,8.163265306122449161e+00,2.356794429942965508e-03,-2.815471030771732330e-03
4.489795918367349259e+00,8.571428571428571175e+00,2.770460676401853561e-03,-2.519339788705110550e-03
4.489795918367349259e+00,8.979591836734694965e+00,3.116266103461384773e-03,-2.158967312425374985e-03
4.489795918367349259e+00,9.387755102040816979e+00,3.389154328033328056e-03,-1.745264162309467793e-03
4.489795918367349259e+00,9.795918367346938993e+00,3.556331153959035873e-03,-1.300501520745456219e-03
4.489795918367349259e+00,1.020408163265306101e+01,3.612250089645385742e-03,-8.482512203045189381e-04
4.489795918367349259e+00,1.061224489795918302e+01,3.555553732439875603e-03,-4.154054913669824600e-04
4.489795918367349259e+00,1.102040816326530681e+01,3.405685769394040108e-03,-3.025124169653281569e-05
4.489795918367349259e+00,1.142857142857142883e+01,3.182064741849899292e-03,2.922948915511369705e-04
4.489795918367349259e+00,1.183673469387755084e+01,2.910834504291415215e-03,5.438972730189561844e-04
4.489795918367349259e+00,1.224489795918367463e+01,2.617195481434464455e-03,7.253194926306605339e-04
4.489795918367349259e+00,1.265306122448979664e+01,2.321728272363543510e-03,8.439205703325569630e-04
4.489795918367349259e+00,1.306122448979591866e+01,2.039839513599872589e-03,9.107227670028805733e-04
4.489795918367349259e+00,1.346938775510204067e+01,1.778748119249939919e-03,9.368303581140935421e-04
4.489795918367349259e+00,1.387755102040816269e+01,1.543945167213678360e-03,9.330972679890692234e-04
4.489795918367349259e+00,1.428571428571428648e+01,1.336545567028224468e-03,9.086343343369662762e-04
4.489795918367349259e+00,1.469387755102040849e+01,1.155647914856672287e-03,8.706437656655907631e-04
4.489795918367349259e+00,1.510204081632653050e+01,9.992532432079315186e-04,8.245554636232554913e-04
4.489795918367349259e+00,1.551020408163265429e+01,8.647942449897527695e-04,7.743091555312275887e-04
4.489795918367349259e+00,1.591836734693877631e+01,7.495844620279967785e-04,7.229122566059231758e-04
4.489795918367349259e+00,1.632653061224489832e+01,6.509646191261708736e-04,6.717494688928127289e-04
4.489795918367349259e+00,1.673469387755102034e+01,5.666918586939573288e-04,6.223078235052525997e-04
4.489795918367349259e+00,1.714285714285714235e+01,4.945163382217288017e-04,5.753545556217432022e-04
4.489795918367349259e+00,1.755102040816326436e+01,4.326484049670398235e-04,5.313478177413344383e-04
4.489795918367349259e+00,1.795918367346938993e+01,3.795785887632519007e-04,4.902391810901463032e-04
4.489795918367349259e+00,1.836734693877551194e+01,3.339829272590577602e-04,4.522062081377953291e-04
4.489795918367349259e+00,1.877551020408163396e+01,2.946379536297172308e-04,4.172086773905903101e-04
4.489795918367349259e+00,1.918367346938775597e+01,2.606986090540885925e-04,3.850019129458814859e-04
4.489795918367349259e+00,1.959183673469387799e+01,2.312762226210907102e-04,3.554779686965048313e-04
4.489795918367349259e+00,2.000000000000000000e+01,2.057492092717438936e-04,3.284497652202844620e-04
5.306122448979593287e+00,0.000000000000000000e+00,-4.993870388716459274e-03,9.094947017729282379e-13
5.306122448979593287e+00,4.081632653061224580e-01,-4.950546193867921829e-03,-4.487109254114329815e-04
5.306122448979593287e+00,8.163265306122449161e-01,-4.822812043130397797e-03,-8.828959544189274311e-04
5.306122448979593287e+00,1.224489795918367374e+00,-4.617450293153524399e-03,-1.288715400733053684e-03
5.306122448979593287e+00,1.632653061224489832e+00,-4.343342501670122147e-03,-1.656341482885181904e-03
5.306122448979593287e+00,2.040816326530612290e+00,-4.013117868453264236e-03,-1.976724015548825264e-03
5.306122448979593287e+00,2.448979591836734748e+00,-3.640420036390423775e-03,-2.244841307401657104e-03
5.306122448979593287e+00,2.857142857142857206e+00,-3.238153643906116486e-03,-2.456124871969223022e-03
5.306122448979593287e+00,3.265306122448979664e+00,-2.823836635798215866e-03,-2.617246005684137344e-03
5.306122448979593287e+00,3.673469387755102122e+00,-2.406015992164611816e-03,-2.731364220380783081e-03
5.306122448979593287e+00,4.081632653061224580e+00,-1.989131327718496323e-03,-2.805714961141347885e-03
5.306122448979593287e+00,4.489795918367347483e+00,-1.588636776432394981e-03,-2.844097325578331947e-03
5.306122448979593287e+00,4.897959183673469497e+00,-1.195843331515789032e-03,-2.855083206668496132e-03
5.306122448979593287e+00,5.306122448979591510e+00,-8.136385004036128521e-04,-2.838935470208525658e-03
5.306122448979593287e+00,5.714285714285714413e+00,-4.446655511856079102e-04,-2.805332886055111885e-03
5.306122448979593287e+00,6.122448979591837315e+00,-8.211503154598176479e-05,-2.755234716460108757e-03
5.306122448979593287e+00,6.530612244897959329e+00,2.711992419790476561e-04,-2.680853009223937988e-03
5.306122448979593287e+00,6.938775510204081343e+00,6.122457562014460564e-04,-2.584383590146899223e-03
5.306122448979593287e+00,7.346938775510204245e+00,9.499776642769575119e-04,-2.459897426888346672e-03
5.306122448979593287e+00,7.755102040816327147e+00,1.268851570785045624e-03,-2.306754700839519501e-03
5.306122448979593287e+00,8.163265306122449161e+00,1.565405167639255524e-03,-2.121554454788565636e-03
5.306122448979593287e+00,8.571428571428571175e+00,1.833015703596174717e-03,-1.905628480017185211e-03
5.306122448979593287e+00,8.979591836734694965e+00,2.057364210486412048e-03,-1.657469547353684902e-03
5.306122448979593287e+00,9.387755102040816979e+00,2.230774844065308571e-03,-1.386620802804827690e-03
5.306122448979593287e+00,9.795918367346938993e+00,2.346811583265662193e-03,-1.102611655369400978e-03
5.306122448979593287e+00,1.020408163265306101e+01,2.402607817202806473e-03,-8.168413769453763962e-04
5.306122448979593287e+00,1.061224489795918302e+01,2.399509772658348083e-03,-5.413078470155596733e-04
5.306122448979593287e+00,1.102040816326530681e+01,2.343001775443553925e-03,-2.870204043574631214e-04
5.306122448979593287e+00,1.142857142857142883e+01,2.242055954411625862e-03,-6.264663534238934517e-05
5.306122448979593287e+00,1.183673469387755084e+01,2.107825130224227905e-03,1.264289021492004395e-04
5.306122448979593287e+00,1.224489795918367463e+01,1.952273421920835972e-03,2.778670168481767178e-04
5.306122448979593287e+00,1.265306122448979664e+01,1.785141183063387871e-03,3.940454334951937199e-04
5.306122448979593287e+00,1.306122448979591866e+01,1.615685760043561459e-03,4.775066627189517021e-04
5.306122448979593287e+00,1.346938775510204067e+01,1.450546318665146828e-03,5.328096449375152588e-04
5.306122448979593287e+00,1.387755102040816269e+01,1.294365036301314831e-03,5.649644881486892700e-04
5.306122448979593287e+00,1.428571428571428648e+01,1.149823539890348911e-03,5.788299604319036007e-04
5.306122448979593287e+00,1.469387755102040849e+01,1.018326845951378345e-03,5.787467234767973423e-04
5.306122448979593287e+00,1.510204081632653050e+01,9.002933511510491371e-04,5.686434451490640640e-04
5.306122448979593287e+00,1.551020408163265429e+01,7.949291612021625042e-04,5.511234630830585957e-04
5.306122448979593287e+00,1.591836734693877631e+01,7.017374155111610889e-04,5.288015818223357201e-04
5.306122448979593287e+00,1.632653061224489832e+01,6.196853937581181526e-04,5.035384674556553364e-04
5.306122448979593287e+00,1.673469387755102034e+01,5.476252990774810314e-04,4.767389327753335238e-04
5.306122448979593287e+00,1.714285714285714235e+01,4.845210060011595488e-04,4.494726890698075294e-04
5.306122448979593287e+00,1.755102040816326436e+01,4.292940429877489805e-04,4.222327552270144224e-04
5.306122448979593287e+00,1.795918367346938993e+01,3.810258640442043543e-04,3.956584550905972719e-04
5.306122448979593287e+00,1.836734693877551194e+01,3.387421020306646824e-04,3.701114328578114510e-04
5.306122448979593287e+00,1.877551020408163396e+01,3.016964474227279425e-04,3.458470164332538843e-04
5.306122448979593287e+00,1.918367346938775597e+01,2.692499547265470028e-04,3.228280984330922365e-04
5.306122448979593287e+00,1.959183673469387799e+01,2.407608117209747434e-04,3.012139641214162111e-04
5.306122448979593287e+00,2.000000000000000000e+01,2.157473936676979065e-04,2.809692814480513334e-04
6.122448979591837315e+00,0.000000000000000000e+00,-3.627041354775428772e-03,-7.275957614183425903e-12
6.122448979591837315e+00,4.081632653061224580e-01,-3.599817864596843719e-03,-3.112562117166817188e-04
6.122448979591837315e+00,8.163265306122449161e-01,-3.520424244925379753e-03,-6.140584591776132584e-04
6.122448979591837315e+00,1.224489795918367374e+00,-3.390131518244743347e-03,-9.013680391944944859e-04
6.122448979591837315e+00,1.632653061224489832e+00,-3.214844502508640289e-03,-1.166130066849291325e-03
6.122448979591837315e+00,2.040816326530612290e+00,-3.001038217917084694e-03,-1.403124188072979450e-03
6.122448979591837315e+00,2.448979591836734748e+00,-2.756497124210000038e-03,-1.608539721928536892e-03
6.122448979591837315e+00,2.857142857142857206e+00,-2.488055033609271049e-03,-1.781107974238693714e-03
6.122448979591837315e+00,3.265306122448979664e+00,-2.203580224886536598e-03,-1.920219045132398605e-03
6.122448979591837315e+00,3.673469387755102122e+00,-1.909772632643580437e-03,-2.027126029133796692e-03
6.122448979591837315e+00,4.081632653061224580e+00,-1.612174441106617451e-03,-2.104049548506736755e-03
6.122448979591837315e+00,4.489795918367347483e+00,-1.315015368163585663e-03,-2.153780078515410423e-03
6.122448979591837315e+00,4.897959183673469497e+00,-1.021152478642761707e-03,-2.179069677367806435e-03
6.122448979591837315e+00,5.306122448979591510e+00,-7.325478363782167435e-04,-2.182407071813941002e-03
6.122448979591837315e+00,5.714285714285714413e+00,-4.500667564570903778e-04,-2.165275393053889275e-03
6.122448979591837315e+00,6.122448979591837315e+00,-1.747843780322000384e-04,-2.128636464476585388e-03
6.122448979591837315e+00,6.530612244897959329e+00,9.230274008587002754e-05,-2.072727773338556290e-03
6.122448979591837315e+00,6.938775510204081343e+00,3.496687277220189571e-04,-1.997314859181642532e-03
6.122448979591837315e+00,7.346938775510204245e+00,5.949838669039309025e-04,-1.901512034237384796e-03
6.122448979591837315e+00,7.755102040816327147e+00,8.250072132796049118e-04,-1.785087864845991135e-03
6.122448979591837315e+00,8.163265306122449161e+00,1.035600667819380760e-03,-1.648285891860723495e-03
6.122448979591837315e+00,8.571428571428571175e+00,1.222153543494641781e-03,-1.492466893978416920e-03
6.122448979591837315e+00,8.979591836734694965e+00,1.380135421641170979e-03,-1.320422510616481304e-03
6.122448979591837315e+00,9.387755102040816979e+00,1.505615422502160072e-03,-1.136227045208215714e-03
6.122448979591837315e+00,9.795918367346938993e+00,1.595949055626988411e-03,-9.451174410060048103e-04
6.122448979591837315e+00,1.020408163265306101e+01,1.650094403885304928e-03,-7.530743023380637169e-04
6.122448979591837315e+00,1.061224489795918302e+01,1.668056938797235489e-03,-5.665965145453810692e-04
6.122448979591837315e+00,1.102040816326530681e+01,1.654482795856893063e-03,-3.906750062014907598e-04
6.122448979591837315e+00,1.142857142857142883e+01,1.612406922504305840e-03,-2.302036737091839314e-04
6.122448979591837315e+00,1.183673469387755084e+01,1.547163119539618492e-03,-8.856031490722671151e-05
6.122448979591837315e+00,1.224489795918367463e+01,1.464447937905788422e-03,3.238993667764589190e-05
6.122448979591837315e+00,1.265306122448979664e+01,1.370035228319466114e-03,1.322177704423666000e-04
6.122448979591837315e+00,1.306122448979591866e+01,1.269027823582291603e-03,2.117101685144007206e-04
6.122448979591837315e+00,1.346938775510204067e+01,1.166222966276109219e-03,2.722993958741426468e-04
6.122448979591837315e+00,1.387755102040816269e+01,1.064165262505412102e-03,3.167513059452176094e-04
6.122448979591837315e+00,1.428571428571428648e+01,9.658433264121413231e-04,3.470699011813849211e-04
6.122448979591837315e+00,1.469387755102040849e+01,8.729656692594289780e-04,3.656938497442752123e-04
6.122448979591837315e+00,1.510204081632653050e+01,7.865445804782211781e-04,3.748896415345370770e-04
6.122448979591837315e+00,1.551020408163265429e+01,7.070968276821076870e-04,3.766621230170130730e-04
6.122448979591837315e+00,1.591836734693877631e+01,6.347589078359305859e-04,3.727664297912269831e-04
6.122448979591837315e+00,1.632653061224489832e+01,5.693799466826021671e-04,3.647835401352494955e-04
6.122448979591837315e+00,1.673469387755102034e+01,5.104076699353754520e-04,3.536904987413436174e-04
6.122448979591837315e+00,1.714285714285714235e+01,4.576049686875194311e-04,3.404803574085235596e-04
6.122448979591837315e+00,1.755102040816326436e+01,4.104102263227105141e-04,3.259468066971749067e-04
6.122448979591837315e+00,1.795918367346938993e+01,3.683639806695282459e-04,3.107732336502522230e-04
6.122448979591837315e+00,1.836734693877551194e+01,3.309135790914297104e-04,2.951770438812673092e-04
6.122448979591837315e+00,1.877551020408163396e+01,2.975572715513408184e-04,2.796280023176223040e-04
6.122448979591837315e+00,1.918367346938775597e+01,2.678923192434012890e-04,2.643408661242574453e-04
6.122448979591837315e+00,1.959183673469387799e+01,2.414831687929108739e-04,2.494977088645100594e-04
6.122448979591837315e+00,2.000000000000000000e+01,2.180179581046104431e-04,2.351963630644604564e-04
6.938775510204081343e+00,0.000000000000000000e+00,-2.703013597056269646e-03,0.000000000000000000e+00
6.938775510204081343e+00,4.081632653061224580e-01,-2.685132436454296112e-03,-2.229416859336197376e-04
6.938775510204081343e+00,8.163265306122449161e-01,-2.632077783346176147e-03,-4.409092653077095747e-04
6.938775510204081343e+00,1.224489795918367374e+00,-2.545621478930115700e-03,-6.492474931292235851e-04
6.938775510204081343e+00,1.632653061224489832e+00,-2.428945153951644897e-03,-8.443465922027826309e-04
6.938775510204081343e+00,2.040816326530612290e+00,-2.284792950376868248e-03,-1.021617208607494831e-03
6.938775510204081343e+00,2.448979591836734748e+00,-2.117629395797848701e-03,-1.179519924335181713e-03
6.938775510204081343e+00,2.857142857142857206e+00,-1.932437997311353683e-03,-1.315223984420299530e-03
6.938775510204081343e+00,3.265306122448979664e+00,-1.732937293127179146e-03,-1.429648720659315586e-03
6.938775510204081343e+00,3.673469387755102122e+00,-1.522455248050391674e-03,-1.522119855508208275e-03
6.938775510204081343e+00,4.081632653061224580e+00,-1.306346850469708443e-03,-1.592449145391583443e-03
6.938775510204081343e+00,4.489795918367347483e+00,-1.087183598428964615e-03,-1.641987240873277187e-03
6.938775510204081343e+00,4.897959183673469497e+00,-8.675945573486387730e-04,-1.671926234848797321e-03
6.938775510204081343e+00,5.306122448979591510e+00,-6.497651920653879642e-04,-1.683363458141684532e-03
6.938775510204081343e+00,5.714285714285714413e+00,-4.356042772997170687e-04,-1.677253982052206993e-03
6.938775510204081343e+00,6.122448979591837315e+00,-2.264523645862936974e-04,-1.654268009588122368e-03
6.938775510204081343e+00,6.530612244897959329e+00,-2.405844861641526222e-05,-1.615036162547767162e-03
6.938775510204081343e+00,6.938775510204081343e+00,1.698058767942711711e-04,-1.559977186843752861e-03
6.938775510204081343e+00,7.346938775510204245e+00,3.531946858856827021e-04,-1.489545335061848164e-03
6.938775510204081343e+00,7.755102040816327147e+00,5.247637745924293995e-04,-1.403777278028428555e-03
6.938775510204081343e+00,8.163265306122449161e+00,6.794515065848827362e-04,-1.305471756495535374e-03
6.938775510204081343e+00,8.571428571428571175e+00,8.174864342436194420e-04,-1.194347278214991093e-03
6.938775510204081343e+00,8.979591836734694965e+00,9.356853552162647247e-04,-1.073083374649286270e-03
6.938775510204081343e+00,9.387755102040816979e+00,1.032206229865550995e-03,-9.443260496482253075e-04
6.938775510204081343e+00,9.795918367346938993e+00,1.105360453948378563e-03,-8.108960464596748352e-04
6.938775510204081343e+00,1.020408163265306101e+01,1.155767240561544895e-03,-6.770528270862996578e-04
6.938775510204081343e+00,1.061224489795918302e+01,1.183491549454629421e-03,-5.456550861708819866e-04
6.938775510204081343e+00,1.102040816326530681e+01,1.189961214549839497e-03,-4.198976384941488504e-04
6.938775510204081343e+00,1.142857142857142883e+01,1.177318044938147068e-03,-3.025777987204492092e-04
6.938775510204081343e+00,1.183673469387755084e+01,1.148304087109863758e-03,-1.958223583642393351e-04
6.938775510204081343e+00,1.224489795918367463e+01,1.106016105040907860e-03,-1.010893756756559014e-04
6.938775510204081343e+00,1.265306122448979664e+01,1.053656334988772869e-03,-1.908151898533105850e-05
6.938775510204081343e+00,1.306122448979591866e+01,9.943199111148715019e-04,4.984963015886023641e-05
6.938775510204081343e+00,1.346938775510204067e+01,9.306516149081289768e-04,1.068914571078494191e-04
6.938775510204081343e+00,1.387755102040816269e+01,8.650295203551650047e-04,1.525164552731439471e-04
6.938775510204081343e+00,1.428571428571428648e+01,7.993646431714296341e-04,1.878585317172110081e-04
6.938775510204081343e+00,1.469387755102040849e+01,7.354237604886293411e-04,2.141038712579756975e-04
6.938775510204081343e+00,1.510204081632653050e+01,6.737312069162726402e-04,2.327607944607734680e-04
6.938775510204081343e+00,1.551020408163265429e+01,6.153379799798130989e-04,2.449074527248740196e-04
6.938775510204081343e+00,1.591836734693877631e+01,5.606784252449870110e-04,2.517192042432725430e-04
6.938775510204081343e+00,1.632653061224489832e+01,5.099704139865934849e-04,2.542758011259138584e-04
6.938775510204081343e+00,1.673469387755102034e+01,4.633982025552541018e-04,2.534523955546319485e-04
6.938775510204081343e+00,1.714285714285714235e+01,4.206304438412189484e-04,2.498984686098992825e-04
6.938775510204081343e+00,1.755102040816326436e+01,3.816117241512984037e-04,2.443579433020204306e-04
6.938775510204081343e+00,1.795918367346938993e+01,3.461999876890331507e-04,2.373537863604724407e-04
6.938775510204081343e+00,1.836734693877551194e+01,3.141145862173289061e-04,2.293178404215723276e-04
6.938775510204081343e+00,1.877551020408163396e+01,2.851342142093926668e-04,2.205884957220405340e-04
6.938775510204081343e+00,1.918367346938775597e+01,2.589432406239211559e-04,2.114565431838855147e-04
6.938775510204081343e+00,1.959183673469387799e+01,2.353569580009207129e-04,2.021245891228318214e-04
6.938775510204081343e+00,2.000000000000000000e+01,2.140623837476596236e-04,1.927666744450107217e-04
7.755102040816325371e+00,0.000000000000000000e+00,-2.055502496659755707e-03,0.000000000000000000e+00
7.755102040816325371e+00,4.081632653061224580e-01,-2.042859094217419624e-03,-1.635914086364209652e-04
7.755102040816325371e+00,8.163265306122449161e-01,-2.006600378081202507e-03,-3.241300582885742188e-04
7.755102040816325371e+00,1.224489795918367374e+00,-1.947226817719638348e-03,-4.785823693964630365e-04
7.755102040816325371e+00,1.632653061224489832e+00,-1.866307342424988747e-03,-6.242661038413643837e-04
7.755102040816325371e+00,2.040816326530612290e+00,-1.765934168361127377e-03,-7.588382577523589134e-04
7.755102040816325371e+00,2.448979591836734748e+00,-1.648569130338728428e-03,-8.804469835013151169e-04
7.755102040816325371e+00,2.857142857142857206e+00,-1.516849966719746590e-03,-9.877317352220416069e-04
7.755102040816325371e+00,3.265306122448979664e+00,-1.373643055558204651e-03,-1.079603214748203754e-03
7.755102040816325371e+00,3.673469387755102122e+00,-1.221394282765686512e-03,-1.156009850092232227e-03
7.755102040816325371e+00,4.081632653061224580e+00,-1.062782714143395424e-03,-1.216638949699699879e-03
7.755102040816325371e+00,4.489795918367347483e+00,-9.003137820400297642e-04,-1.261584460735321045e-03
7.755102040816325371e+00,4.897959183673469497e+00,-7.357920985668897629e-04,-1.291433931328356266e-03
7.755102040816325371e+00,5.306122448979591510e+00,-5.713067366741597652e-04,-1.306441146880388260e-03
7.755102040816325371e+00,5.714285714285714413e+00,-4.086580593138933182e-04,-1.307204132899641991e-03
7.755102040816325371e+00,6.122448979591837315e+00,-2.494870859663933516e-04,-1.294316141866147518e-03
7.755102040816325371e+00,6.530612244897959329e+00,-9.538853919366374612e-05,-1.268324092961847782e-03
7.755102040816325371e+00,6.938775510204081343e+00,5.207426147535443306e-05,-1.229878165759146214e-03
7.755102040816325371e+00,7.346938775510204245e+00,1.913727319333702326e-04,-1.179708866402506828e-03
7.755102040816325371e+00,7.755102040816327147e+00,3.209109127055853605e-04,-1.118658576160669327e-03
7.755102040816325371e+00,8.163265306122449161e+00,4.391954280436038971e-04,-1.047778758220374584e-03
7.755102040816325371e+00,8.571428571428571175e+00,5.447950679808855057e-04,-9.683764073997735977e-04
7.755102040816325371e+00,8.979591836734694965e+00,6.364596774801611900e-04,-8.820003713481128216e-04
7.755102040816325371e+00,9.387755102040816979e+00,7.132439641281962395e-04,-7.904363446868956089e-04
7.755102040816325371e+00,9.795918367346938993e+00,7.745428010821342468e-04,-6.956928991712629795e-04
7.755102040816325371e+00,1.020408163265306101e+01,8.202170138247311115e-04,-5.998293636366724968e-04
7.755102040816325371e+00,1.061224489795918302e+01,8.505713194608688354e-04,-5.049392348155379295e-04
7.755102040816325371e+00,1.102040816326530681e+01,8.663918124511837959e-04,-4.129834414925426245e-04
7.755102040816325371e+00,1.142857142857142883e+01,8.685020147822797298e-04,-3.258625802118331194e-04
7.755102040816325371e+00,1.183673469387755084e+01,8.593333768658339977e-04,-2.447645820211619139e-04
7.755102040816325371e+00,1.224489795918367463e+01,8.400787482969462872e-04,-1.707765622995793819e-04
7.755102040816325371e+00,1.265306122448979664e+01,8.126407628878951073e-04,-1.045793324010446668e-04
7.755102040816325371e+00,1.306122448979591866e+01,7.788152433931827545e-04,-4.650562186725437641e-05
7.755102040816325371e+00,1.346938775510204067e+01,7.403806084766983986e-04,3.483408363536000252e-06
7.755102040816325371e+00,1.387755102040816269e+01,6.989390822127461433e-04,4.565011477097868919e-05
7.755102040816325371e+00,1.428571428571428648e+01,6.559735629707574844e-04,8.032713230932131410e-05
7.755102040816325371e+00,1.469387755102040849e+01,6.123903440311551094e-04,1.085489930119365454e-04
7.755102040816325371e+00,1.510204081632653050e+01,5.692314007319509983e-04,1.307670172536745667e-04
7.755102040816325371e+00,1.551020408163265429e+01,5.274005234241485596e-04,1.476469915360212326e-04
7.755102040816325371e+00,1.591836734693877631e+01,4.870312113780528307e-04,1.601303811185061932e-04
7.755102040816325371e+00,1.632653061224489832e+01,4.486741090659052134e-04,1.686826435616239905e-04
7.755102040816325371e+00,1.673469387755102034e+01,4.125449049752205610e-04,1.740003062877804041e-04
7.755102040816325371e+00,1.714285714285714235e+01,3.787926689255982637e-04,1.766472560120746493e-04
7.755102040816325371e+00,1.755102040816326436e+01,3.474193508736789227e-04,1.771255047060549259e-04
7.755102040816325371e+00,1.795918367346938993e+01,3.184310335200279951e-04,1.758678845362737775e-04
7.755102040816325371e+00,1.836734693877551194e+01,2.916911616921424866e-04,1.732537057250738144e-04
7.755102040816325371e+00,1.877551020408163396e+01,2.671873080544173717e-04,1.695722312433645129e-04
7.755102040816325371e+00,1.918367346938775597e+01,2.447302686050534248e-04,1.651084603508934379e-04
7.755102040816325371e+00,1.959183673469387799e+01,2.242050104541704059e-04,1.600749237695708871e-04
7.755102040816325371e+00,2.000000000000000000e+01,2.054503274848684669e-04,1.546477433294057846e-04
8.571428571428572951e+00,0.000000000000000000e+00,-1.588659361004829407e-03,7.275957614183425903e-12
8.571428571428572951e+00,4.081632653061224580e-01,-1.580047421157360077e-03,-1.224348379764705896e-04
8.571428571428572951e+00,8.163265306122449161e-01,-1.554661896079778671e-03,-2.430643507977947593e-04
8.571428571428572951e+00,1.224489795918367374e+00,-1.512281130999326706e-03,-3.593375731725245714e-04
8.571428571428572951e+00,1.632653061224489832e+00,-1.454793149605393410e-03,-4.698960692621767521e-04
8.571428571428572951e+00,2.040816326530612290e+00,-1.383075490593910217e-03,-5.729717086069285870e-04
8.571428571428572951e+00,2.448979591836734748e+00,-1.298651564866304398e-03,-6.672141025774180889e-04
8.571428571428572951e+00,2.857142857142857206e+00,-1.203679479658603668e-03,-7.511735893785953522e-04
8.571428571428572951e+00,3.265306122448979664e+00,-1.098538748919963837e-03,-8.250544779002666473e-04
8.571428571428572951e+00,3.673469387755102122e+00,-9.864715393632650375e-04,-8.873125188983976841e-04
8.571428571428572951e+00,4.081632653061224580e+00,-8.689314709044992924e-04,-9.378778631798923016e-04
8.571428571428572951e+00,4.489795918367347483e+00,-7.473827572539448738e-04,-9.769017342478036880e-04
8.571428571428572951e+00,4.897959183673469497e+00,-6.236399058252573013e-04,-1.004288671538233757e-03
8.571428571428572951e+00,5.306122448979591510e+00,-4.992228932678699493e-04,-1.020282041281461716e-03
8.571428571428572951e+00,5.714285714285714413e+00,-3.756142687052488327e-04,-1.025152392685413361e-03
8.571428571428572951e+00,6.122448979591837315e+00,-2.542021393310278654e-04,-1.019342453218996525e-03
8.571428571428572951e+00,6.530612244897959329e+00,-1.363110495731234550e-04,-1.003290875814855099e-03
8.571428571428572951e+00,6.938775510204081343e+00,-2.317740290891379118e-05,-9.775873040780425072e-04
8.571428571428572951e+00,7.346938775510204245e+00,8.396468183491379023e-05,-9.428373305127024651e-04
8.571428571428572951e+00,7.755102040816327147e+00,1.840007607825100422e-04,-8.998408447951078415e-04
8.571428571428572951e+00,8.163265306122449161e+00,2.763312659226357937e-04,-8.490965119563043118e-04
8.571428571428572951e+00,8.571428571428571175e+00,3.586279344744980335e-04,-7.926877005957067013e-04
8.571428571428572951e+00,8.979591836734694965e+00,4.315014521125704050e-04,-7.307251798920333385e-04
8.571428571428572951e+00,9.387755102040816979e+00,4.939062637276947498e-04,-6.647971458733081818e-04
8.571428571428572951e+00,9.795918367346938993e+00,5.454830243252217770e-04,-5.962323048152029514e-04
8.571428571428572951e+00,1.020408163265306101e+01,5.859453231096267700e-04,-5.261967889964580536e-04
8.571428571428572951e+00,1.061224489795918302e+01,6.158909527584910393e-04,-4.566099669318646193e-04
8.571428571428572951e+00,1.102040816326530681e+01,6.356058875098824501e-04,-3.884132602252066135e-04
8.571428571428572951e+00,1.142857142857142883e+01,6.457786657847464085e-04,-3.227590350434184074e-04
8.571428571428572951e+00,1.183673469387755084e+01,6.469097570516169071e-04,-2.607223286759108305e-04
8.571428571428572951e+00,1.224489795918367463e+01,6.408857298083603382e-04,-2.029270108323544264e-04
8.571428571428572951e+00,1.265306122448979664e+01,6.283375550992786884e-04,-1.499631616752594709e-04
8.571428571428572951e+00,1.306122448979591866e+01,6.104045896790921688e-04,-1.021775387926027179e-04
8.571428571428572951e+00,1.346938775510204067e+01,5.882159457542002201e-04,-5.973360384814441204e-05
8.571428571428572951e+00,1.387755102040816269e+01,5.628399085253477097e-04,-2.261589906993322074e-05
8.571428571428572951e+00,1.428571428571428648e+01,5.352204898372292519e-04,9.344941645395010710e-06
8.571428571428572951e+00,1.469387755102040849e+01,5.062565905973315239e-04,3.643062518676742911e-05
8.571428571428572951e+00,1.510204081632653050e+01,4.767609934788197279e-04,5.891715773032046854e-05
8.571428571428572951e+00,1.551020408163265429e+01,4.470747662708163261e-04,7.742964953649789095e-05
8.571428571428572951e+00,1.591836734693877631e+01,4.178376984782516956e-04,9.224681707564741373e-05
8.571428571428572951e+00,1.632653061224489832e+01,3.893890243489295244e-04,1.038217014865949750e-04
8.571428571428572951e+00,1.673469387755102034e+01,3.620304050855338573e-04,1.125644339481368661e-04
8.571428571428572951e+00,1.714285714285714235e+01,3.359402471687644720e-04,1.188904861919581890e-04
8.571428571428572951e+00,1.755102040816326436e+01,3.112452395725995302e-04,1.231318019563332200e-04
8.571428571428572951e+00,1.795918367346938993e+01,2.880080428440123796e-04,1.256442337762564421e-04
8.571428571428572951e+00,1.836734693877551194e+01,2.662645711097866297e-04,1.267207990167662501e-04
8.571428571428572951e+00,1.877551020408163396e+01,2.459821116644889116e-04,1.266036415472626686e-04
8.571428571428572951e+00,1.918367346938775597e+01,2.271686971653252840e-04,1.255370007129386067e-04
8.571428571428572951e+00,1.959183673469387799e+01,2.097154210787266493e-04,1.237002434208989143e-04
8.571428571428572951e+00,2.000000000000000000e+01,1.935809268616139889e-04,1.212656206917017698e-04
9.387755102040816979e+00,0.000000000000000000e+00,-1.245709368959069252e-03,-7.275957614183425903e-12
9.387755102040816979e+00,4.081632653061224580e-01,-1.239213743247091770e-03,-9.331572800874710083e-05
9.387755102040816979e+00,8.163265306122449161e-01,-1.220673206262290478e-03,-1.849958789534866810e-04
9.387755102040816979e+00,1.224489795918367374e+00,-1.190201495774090290e-03,-2.739194897003471851e-04
9.387755102040816979e+00,1.632653061224489832e+00,-1.148524228483438492e-03,-3.587019455153495073e-04
9.387755102040816979e+00,2.040816326530612290e+00,-1.096302992664277554e-03,-4.383874475024640560e-04
9.387755102040816979e+00,2.448979591836734748e+00,-1.034486689604818821e-03,-5.119051784276962280e-04
9.387755102040816979e+00,2.857142857142857206e+00,-9.641712531447410583e-04,-5.782635416835546494e-04
9.387755102040816979e+00,3.265306122448979664e+00,-8.867224678397178650e-04,-6.370467599481344223e-04
9.387755102040816979e+00,3.673469387755102122e+00,-8.032715413719415665e-04,-6.876210100017488003e-04
9.387755102040816979e+00,4.081632653061224580e+00,-7.150970050133764744e-04,-7.296459516510367393e-04
9.387755102040816979e+00,4.489795918367347483e+00,-6.234880420379340649e-04,-7.629077881574630737e-04
9.387755102040816979e+00,4.897959183673469497e+00,-5.296797025948762894e-04,-7.873488939367234707e-04
9.387755102040816979e+00,5.306122448979591510e+00,-4.348943766672164202e-04,-8.030446479097008705e-04
9.387755102040816979e+00,5.714285714285714413e+00,-3.402831498533487320e-04,-8.101391140371561050e-04
9.387755102040816979e+00,6.122448979591837315e+00,-2.469931496307253838e-04,-8.089177426882088184e-04
9.387755102040816979e+00,6.530612244897959329e+00,-1.560517121106386185e-04,-7.997205248102545738e-04
9.387755102040816979e+00,6.938775510204081343e+00,-6.848105840617790818e-05,-7.830251124687492847e-04
9.387755102040816979e+00,7.346938775510204245e+00,1.479992351960390806e-05,-7.593382033519446850e-04
9.387755102040816979e+00,7.755102040816327147e+00,9.294094343204051256e-05,-7.292885566130280495e-04
9.387755102040816979e+00,8.163265306122449161e+00,1.651914935791864991e-04,-6.935587734915316105e-04
9.387755102040816979e+00,8.571428571428571175e+00,2.309001574758440256e-04,-6.529534002766013145e-04
9.387755102040816979e+00,8.979591836734694965e+00,2.895476936828345060e-04,-6.082804175093770027e-04
9.387755102040816979e+00,9.387755102040816979e+00,3.407189797144383192e-04,-5.604432662948966026e-04
9.387755102040816979e+00,9.795918367346938993e+00,3.841376455966383219e-04,-5.105019081383943558e-04
9.387755102040816979e+00,1.020408163265306101e+01,4.199224931653589010e-04,-4.591593169607222080e-04
9.387755102040816979e+00,1.061224489795918302e+01,4.480057104956358671e-04,-4.074224852956831455e-04
9.387755102040816979e+00,1.102040816326530681e+01,4.687017353717237711e-04,-3.561858902685344219e-04
9.387755102040816979e+00,1.142857142857142883e+01,4.821285256184637547e-04,-3.061027382500469685e-04
9.387755102040816979e+00,1.183673469387755084e+01,4.893584409728646278e-04,-2.582482702564448118e-04
9.387755102040816979e+00,1.224489795918367463e+01,4.907812690362334251e-04,-2.129579515894874930e-04
9.387755102040816979e+00,1.265306122448979664e+01,4.870367702096700668e-04,-1.706768962321802974e-04
9.387755102040816979e+00,1.306122448979591866e+01,4.789546073880046606e-04,-1.317744317930191755e-04
9.387755102040816979e+00,1.346938775510204067e+01,4.671268397942185402e-04,-9.636922914069145918e-05
9.387755102040816979e+00,1.387755102040816269e+01,4.522802482824772596e-04,-6.474241672549396753e-05
9.387755102040816979e+00,1.428571428571428648e+01,4.352333489805459976e-04,-3.656648550531826913e-05
9.387755102040816979e+00,1.469387755102040849e+01,4.164995916653424501e-04,-1.189468821394257247e-05
9.387755102040816979e+00,1.510204081632653050e+01,3.966414660681039095e-04,9.426436008652672172e-06
9.387755102040816979e+00,1.551020408163265429e+01,3.761173866223543882e-04,2.762722942861728370e-05
9.387755102040816979e+00,1.591836734693877631e+01,3.553516871761530638e-04,4.293812526157125831e-05
9.387755102040816979e+00,1.632653061224489832e+01,3.346550511196255684e-04,5.562814476434141397e-05
9.387755102040816979e+00,1.673469387755102034e+01,3.143095818813890219e-04,6.596643652301281691e-05
9.387755102040816979e+00,1.714285714285714235e+01,2.945134765468537807e-04,7.421199552481994033e-05
9.387755102040816979e+00,1.755102040816326436e+01,2.754185406956821680e-04,8.062845154199749231e-05
9.387755102040816979e+00,1.795918367346938993e+01,2.571668010205030441e-04,8.543892181478440762e-05
9.387755102040816979e+00,1.836734693877551194e+01,2.397799253230914474e-04,8.888430602382868528e-05
9.387755102040816979e+00,1.877551020408163396e+01,2.233430859632790089e-04,9.116688306676223874e-05
9.387755102040816979e+00,1.918367346938775597e+01,2.078476536553353071e-04,9.243568638339638710e-05
9.387755102040816979e+00,1.959183673469387799e+01,1.933158637257292867e-04,9.288219735026359558e-05
9.387755102040816979e+00,2.000000000000000000e+01,1.797008007997646928e-04,9.264508844353258610e-05
1.020408163265306101e+01,0.000000000000000000e+00,-9.884299943223595619e-04,0.000000000000000000e+00
1.020408163265306101e+01,4.081632653061224580e-01,-9.838559199124574661e-04,-7.170756725827232003e-05
1.020408163265306101e+01,8.163265306122449161e-01,-9.702333481982350349e-04,-1.424068468622863293e-04
1.020408163265306101e+01,1.224489795918367374e+00,-9.476075647398829460e-04,-2.111732173943892121e-04
1.020408163265306101e+01,1.632653061224489832e+00,-9.167778189294040203e-04,-2.770675637293606997e-04
1.020408163265306101e+01,2.040816326530612290e+00,-8.780734497122466564e-04,-3.392520011402666569e-04
1.020408163265306101e+01,2.448979591836734748e+00,-8.321420755237340927e-04,-3.970133257098495960e-04
1.020408163265306101e+01,2.857142857142857206e+00,-7.797338766977190971e-04,-4.496921610552817583e-04
1.020408163265306101e+01,3.265306122448979664e+00,-7.216752856038510799e-04,-4.967597778886556625e-04
1.020408163265306101e+01,3.673469387755102122e+00,-6.588378455489873886e-04,-5.377921625040471554e-04
1.020408163265306101e+01,4.081632653061224580e+00,-5.918298847973346710e-04,-5.722809000872075558e-04
1.020408163265306101e+01,4.489795918367347483e+00,-5.222618929110467434e-04,-6.002648733556270599e-04
1.020408163265306101e+01,4.897959183673469497e+00,-4.507396370172500610e-04,-6.215888424776494503e-04
1.020408163265306101e+01,5.306122448979591510e+00,-3.782241838052868843e-04,-6.366150919348001480e-04
1.020408163265306101e+01,5.714285714285714413e+00,-3.053672262467443943e-04,-6.446910556405782700e-04
1.020408163265306101e+01,6.122448979591837315e+00,-2.333963348064571619e-04,-6.460472941398620605e-04
1.020408163265306101e+01,6.530612244897959329e+00,-1.628698810236528516e-04,-6.416074465960264206e-04
1.020408163265306101e+01,6.938775510204081343e+00,-9.462035086471587420e-05,-6.313475314527750015e-04
1.020408163265306101e+01,7.346938775510204245e+00,-2.901432162616401911e-05,-6.157122552394866943e-04
1.020408163265306101e+01,7.755102040816327147e+00,3.261165693402290344e-05,-5.949694896116852760e-04
1.020408163265306101e+01,8.163265306122449161e+00,9.002303704619407654e-05,-5.697787855751812458e-04
1.020408163265306101e+01,8.571428571428571175e+00,1.427390525350347161e-04,-5.407524877227842808e-04
1.020408163265306101e+01,8.979591836734694965e+00,1.903805241454392672e-04,-5.084749427624046803e-04
1.020408163265306101e+01,9.387755102040816979e+00,2.326370158698409796e-04,-4.735947586596012115e-04
1.020408163265306101e+01,9.795918367346938993e+00,2.693640708457678556e-04,-4.367773362901061773e-04
1.020408163265306101e+01,1.020408163265306101e+01,3.004821192007511854e-04,-3.987086238339543343e-04
1.020408163265306101e+01,1.061224489795918302e+01,3.260236699134111404e-04,-3.599906340241432190e-04
1.020408163265306101e+01,1.102040816326530681e+01,3.461317392066121101e-04,-3.212683077435940504e-04
1.020408163265306101e+01,1.142857142857142883e+01,3.610298153944313526e-04,-2.830971207004040480e-04
1.020408163265306101e+01,1.183673469387755084e+01,3.710541641339659691e-04,-2.459918614476919174e-04
1.020408163265306101e+01,1.224489795918367463e+01,3.764170396607369184e-04,-2.104139421135187149e-04
1.020408163265306101e+01,1.265306122448979664e+01,3.779331746045500040e-04,-1.767108478816226125e-04
1.020408163265306101e+01,1.306122448979591866e+01,3.758701204787939787e-04,-1.451567077310755849e-04
1.020408163265306101e+01,1.346938775510204067e+01,3.707095747813582420e-04,-1.159400053438730538e-04
1.020408163265306101e+01,1.387755102040816269e+01,3.629451384767889977e-04,-8.917319064494222403e-05
1.020408163265306101e+01,1.428571428571428648e+01,3.530443354975432158e-04,-6.493218825198709965e-05
1.020408163265306101e+01,1.469387755102040849e+01,3.414376988075673580e-04,-4.318593710195273161e-05
1.020408163265306101e+01,1.510204081632653050e+01,3.285327984485775232e-04,-2.387785571045242250e-05
1.020408163265306101e+01,1.551020408163265429e+01,3.147250099573284388e-04,-6.937472790013998747e-06
1.020408163265306101e+01,1.591836734693877631e+01,3.002795274369418621e-04,7.801045285305008292e-06
1.020408163265306101e+01,1.632653061224489832e+01,2.855138154700398445e-04,2.047117959591560066e-05
1.020408163265306101e+01,1.673469387755102034e+01,2.706568629946559668e-04,3.123847636743448675e-05
1.020408163265306101e+01,1.714285714285714235e+01,2.559075364843010902e-04,4.027432441944256425e-05
1.020408163265306101e+01,1.755102040816326436e+01,2.413988113403320312e-04,4.775253546540625393e-05
1.020408163265306101e+01,1.795918367346938993e+01,2.272750862175598741e-04,5.383344614529050887e-05
1.020408163265306101e+01,1.836734693877551194e+01,2.136358525604009628e-04,5.867750587640330195e-05
1.020408163265306101e+01,1.877551020408163396e+01,2.005187416216358542e-04,6.244405813049525023e-05
1.020408163265306101e+01,1.918367346938775597e+01,1.879974006442353129e-04,6.526117067551240325e-05
1.020408163265306101e+01,1.959183673469387799e+01,1.760703162290155888e-04,6.726247374899685383e-05
1.020408163265306101e+01,2.000000000000000000e+01,1.647980243433266878e-04,6.855633546365424991e-05
1.102040816326530859e+01,0.000000000000000000e+00,-7.928608101792633533e-04,0.000000000000000000e+00
1.102040816326530859e+01,4.081632653061224580e-01,-7.894991431385278702e-04,-5.596331902779638767e-05
1.102040816326530859e+01,8.163265306122449161e-01,-7.792896940372884274e-04,-1.110852172132581472e-04
1.102040816326530859e+01,1.224489795918367374e+00,-7.624725694768130779e-04,-1.648004108574241400e-04
1.102040816326530859e+01,1.632653061224489832e+00,-7.393170380964875221e-04,-2.164526376873254776e-04
1.102040816326530859e+01,2.040816326530612290e+00,-7.103671669028699398e-04,-2.652363327797502279e-04
1.102040816326530859e+01,2.448979591836734748e+00,-6.755583453923463821e-04,-3.111280675511807203e-04
1.102040816326530859e+01,2.857142857142857206e+00,-6.359239341691136360e-04,-3.530890971887856722e-04
1.102040816326530859e+01,3.265306122448979664e+00,-5.918935639783740044e-04,-3.908851358573883772e-04
1.102040816326530859e+01,3.673469387755102122e+00,-5.440876702778041363e-04,-4.241795686539262533e-04
1.102040816326530859e+01,4.081632653061224580e+00,-4.931852454319596291e-04,-4.526959965005517006e-04
1.102040816326530859e+01,4.489795918367347483e+00,-4.398631572257727385e-04,-4.762526368722319603e-04
1.102040816326530859e+01,4.897959183673469497e+00,-3.848214109893888235e-04,-4.947347333654761314e-04
1.102040816326530859e+01,5.306122448979591510e+00,-3.287491272203624249e-04,-5.081268609501421452e-04
1.102040816326530859e+01,5.714285714285714413e+00,-2.723376965150237083e-04,-5.164522444829344749e-04
1.102040816326530859e+01,6.122448979591837315e+00,-2.162189921364188194e-04,-5.198429571464657784e-04
1.102040816326530859e+01,6.530612244897959329e+00,-1.610530307516455650e-04,-5.184508627280592918e-04
1.102040816326530859e+01,6.938775510204081343e+00,-1.074114188668318093e-04,-5.125275929458439350e-04
1.102040816326530859e+01,7.346938775510204245e+00,-5.583455640589818358e-05,-5.023566191084682941e-04
1.102040816326530859e+01,7.755102040816327147e+00,-6.821304850745946169e-06,-4.882948123849928379e-04
1.102040816326530859e+01,8.163265306122449161e+00,3.919784649042412639e-05,-4.707046609837561846e-04
1.102040816326530859e+01,8.571428571428571175e+00,8.184487523976713419e-05,-4.500228096731007099e-04
1.102040816326530859e+01,8.979591836734694965e+00,1.208325920742936432e-04,-4.266836331225931644e-04
1.102040816326530859e+01,9.387755102040816979e+00,1.559241936774924397e-04,-4.011773562524467707e-04
1.102040816326530859e+01,9.795918367346938993e+00,1.869836123660206795e-04,-3.739726962521672249e-04
1.102040816326530859e+01,1.020408163265306101e+01,2.139260177500545979e-04,-3.455578407738357782e-04
1.102040816326530859e+01,1.061224489795918302e+01,2.367399283684790134e-04,-3.163695801049470901e-04
1.102040816326530859e+01,1.102040816326530681e+01,2.554226957727223635e-04,-2.867736620828509331e-04
1.102040816326530859e+01,1.142857142857142883e+01,2.702586352825164795e-04,-2.574622922111302614e-04
1.102040816326530859e+01,1.183673469387755084e+01,2.813959436025470495e-04,-2.286413218826055527e-04
1.102040816326530859e+01,1.224489795918367463e+01,2.890575851779431105e-04,-2.006546419579535723e-04
1.102040816326530859e+01,1.265306122448979664e+01,2.935263328254222870e-04,-1.737867278279736638e-04
1.102040816326530859e+01,1.306122448979591866e+01,2.951199130620807409e-04,-1.482691150158643723e-04
1.102040816326530859e+01,1.346938775510204067e+01,2.941508719231933355e-04,-1.242852304130792618e-04
1.102040816326530859e+01,1.387755102040816269e+01,2.909525355789810419e-04,-1.019566479953937232e-04
1.102040816326530859e+01,1.428571428571428648e+01,2.858587540686130524e-04,-8.137989789247512817e-05
1.102040816326530859e+01,1.469387755102040849e+01,2.791814622469246387e-04,-6.257240602280944586e-05
1.102040816326530859e+01,1.510204081632653050e+01,2.712080895435065031e-04,-4.554487895802594721e-05
1.102040816326530859e+01,1.551020408163265429e+01,2.622279571369290352e-04,-3.025997284566983581e-05
1.102040816326530859e+01,1.591836734693877631e+01,2.524892333894968033e-04,-1.665245508775115013e-05
1.102040816326530859e+01,1.632653061224489832e+01,2.422148245386779308e-04,-4.649977199733257294e-06
1.102040816326530859e+01,1.673469387755102034e+01,2.315987512702122331e-04,5.856290954397991300e-06
1.102040816326530859e+01,1.714285714285714235e+01,2.208149962825700641e-04,1.495143442298285663e-05
1.102040816326530859e+01,1.755102040816326436e+01,2.099886332871392369e-04,2.275523365824483335e-05
1.102040816326530859e+01,1.795918367346938993e+01,1.992561592487618327e-04,2.939190744655206800e-05
1.102040816326530859e+01,1.836734693877551194e+01,1.887014659587293863e-04,3.495297278277575970e-05
1.102040816326530859e+01,1.877551020408163396e+01,1.784274936653673649e-04,3.955551073886454105e-05
1.102040816326530859e+01,1.918367346938775597e+01,1.684429444139823318e-04,4.331355739850550890e-05
1.102040816326530859e+01,1.959183673469387799e+01,1.588427694514393806e-04,4.629484465112909675e-05
1.102040816326530859e+01,2.000000000000000000e+01,1.496216573286801577e-04,4.862000423599965870e-05
1.183673469387755262e+01,0.000000000000000000e+00,-6.423569284379482269e-04,2.182787284255027771e-11
1.183673469387755262e+01,4.081632653061224580e-01,-6.397706456482410431e-04,-4.391032416606321931e-05
1.183673469387755262e+01,8.163265306122449161e-01,-6.320577231235802174e-04,-8.732679270906373858e-05
1.183673469387755262e+01,1.224489795918367374e+00,-6.193242734298110008e-04,-1.296995906159281731e-04
1.183673469387755262e+01,1.632653061224489832e+00,-6.017695413902401924e-04,-1.705553004285320640e-04
1.183673469387755262e+01,2.040816326530612290e+00,-5.796448094770312309e-04,-2.094220835715532303e-04
1.183673469387755262e+01,2.448979591836734748e+00,-5.532727809622883797e-04,-2.458822855260223150e-04
1.183673469387755262e+01,2.857142857142857206e+00,-5.230226088315248489e-04,-2.795691834762692451e-04
1.183673469387755262e+01,3.265306122448979664e+00,-4.893185105174779892e-04,-3.101353941019624472e-04
1.183673469387755262e+01,3.673469387755102122e+00,-4.526227130554616451e-04,-3.373070212546736002e-04
1.183673469387755262e+01,4.081632653061224580e+00,-4.134150221943855286e-04,-3.608891274780035019e-04
1.183673469387755262e+01,4.489795918367347483e+00,-3.722189867403358221e-04,-3.806886670645326376e-04
1.183673469387755262e+01,4.897959183673469497e+00,-3.295415081083774567e-04,-3.966149524785578251e-04
1.183673469387755262e+01,5.306122448979591510e+00,-2.859107626136392355e-04,-4.086392000317573547e-04
1.183673469387755262e+01,5.714285714285714413e+00,-2.418383664917200804e-04,-4.167474980931729078e-04
1.183673469387755262e+01,6.122448979591837315e+00,-1.978317159228026867e-04,-4.210349579807370901e-04
1.183673469387755262e+01,6.530612244897959329e+00,-1.543719990877434611e-04,-4.215922672301530838e-04
1.183673469387755262e+01,6.938775510204081343e+00,-1.119206935982219875e-04,-4.186136357020586729e-04
1.183673469387755262e+01,7.346938775510204245e+00,-7.087845733622089028e-05,-4.122871323488652706e-04
1.183673469387755262e+01,7.755102040816327147e+00,-3.164016379741951823e-05,-4.028838011436164379e-04
1.183673469387755262e+01,8.163265306122449161e+00,5.458947271108627319e-06,-3.906715719494968653e-04
1.183673469387755262e+01,8.571428571428571175e+00,4.013484431197866797e-05,-3.759535029530525208e-04
1.183673469387755262e+01,8.979591836734694965e+00,7.215807272586971521e-05,-3.590929845813661814e-04
1.183673469387755262e+01,9.387755102040816979e+00,1.013401706586591899e-04,-3.403972950764000416e-04
1.183673469387755262e+01,9.795918367346938993e+00,1.275612157769501209e-04,-3.202329680789262056e-04
1.183673469387755262e+01,1.020408163265306101e+01,1.507373817730695009e-04,-2.989552158396691084e-04
1.183673469387755262e+01,1.061224489795918302e+01,1.708351774141192436e-04,-2.768880804069340229e-04
1.183673469387755262e+01,1.102040816326530681e+01,1.879096671473234892e-04,-2.543816226534545422e-04
1.183673469387755262e+01,1.142857142857142883e+01,2.020302054006606340e-04,-2.317542821401730180e-04
1.183673469387755262e+01,1.183673469387755084e+01,2.132770314346998930e-04,-2.092591021209955215e-04
1.183673469387755262e+01,1.224489795918367463e+01,2.218499430455267429e-04,-1.871959830168634653e-04
1.183673469387755262e+01,1.265306122448979664e+01,2.278777974424883723e-04,-1.657509419601410627e-04
1.183673469387755262e+01,1.306122448979591866e+01,2.316100872121751308e-04,-1.451640564482659101e-04
1.183673469387755262e+01,1.346938775510204067e+01,2.332413860131055117e-04,-1.255564129678532481e-04
1.183673469387755262e+01,1.387755102040816269e+01,2.329856506548821926e-04,-1.070480502676218748e-04
1.183673469387755262e+01,1.428571428571428648e+01,2.311023417860269547e-04,-8.973250805865973234e-05
1.183673469387755262e+01,1.469387755102040849e+01,2.277944149682298303e-04,-7.368196384049952030e-05
1.183673469387755262e+01,1.510204081632653050e+01,2.232858096249401569e-04,-5.889885142096318305e-05
1.183673469387755262e+01,1.551020408163265429e+01,2.177959686378017068e-04,-4.539996371022425592e-05
1.183673469387755262e+01,1.591836734693877631e+01,2.114943490596488118e-04,-3.316412403364665806e-05
1.183673469387755262e+01,1.632653061224489832e+01,2.045800647465512156e-04,-2.215097993030212820e-05
1.183673469387755262e+01,1.673469387755102034e+01,1.971931196749210358e-04,-1.231259557243902236e-05
1.183673469387755262e+01,1.714285714285714235e+01,1.894743036245927215e-04,-3.583909347071312368e-06
1.183673469387755262e+01,1.755102040816326436e+01,1.815626164898276329e-04,4.090219590580090880e-06
1.183673469387755262e+01,1.795918367346938993e+01,1.735548721626400948e-04,1.080135371012147516e-05
1.183673469387755262e+01,1.836734693877551194e+01,1.655344240134581923e-04,1.660933412495069206e-05
1.183673469387755262e+01,1.877551020408163396e+01,1.575943169882521033e-04,2.159767063858453184e-05
1.183673469387755262e+01,1.918367346938775597e+01,1.497762714279815555e-04,2.583286004664842039e-05
1.183673469387755262e+01,1.959183673469387799e+01,1.421267515979707241e-04,2.939613113994710147e-05
1.183673469387755262e+01,2.000000000000000000e+01,1.347208017250522971e-04,3.234201358282007277e-05
1.265306122448979664e+01,0.000000000000000000e+00,-5.250100512057542801e-04,0.000000000000000000e+00
1.265306122448979664e+01,4.081632653061224580e-01,-5.230245878919959068e-04,-3.485943307168781757e-05
1.265306122448979664e+01,8.163265306122449161e-01,-5.171120865270495415e-04,-6.933377881068736315e-05
1.265306122448979664e+01,1.224489795918367374e+00,-5.073433858342468739e-04,-1.030433413689024746e-04
1.265306122448979664e+01,1.632653061224489832e+00,-4.938714555464684963e-04,-1.356145949102938175e-04
1.265306122448979664e+01,2.040816326530612290e+00,-4.768687649630010128e-04,-1.666925236349925399e-04
1.265306122448979664e+01,2.448979591836734748e+00,-4.565654671750962734e-04,-1.959664659807458520e-04
1.265306122448979664e+01,2.857142857142857206e+00,-4.332505050115287304e-04,-2.231446414953097701e-04
1.265306122448979664e+01,3.265306122448979664e+00,-4.072148585692048073e-04,-2.479592803865671158e-04
1.265306122448979664e+01,3.673469387755102122e+00,-3.788110334426164627e-04,-2.702046767808496952e-04
1.265306122448979664e+01,4.081632653061224580e+00,-3.483885666355490685e-04,-2.897176600527018309e-04
1.265306122448979664e+01,4.489795918367347483e+00,-3.163321816828101873e-04,-3.063454059883952141e-04
1.265306122448979664e+01,4.897959183673469497e+00,-2.830328885465860367e-04,-3.200179198756814003e-04
1.265306122448979664e+01,5.306122448979591510e+00,-2.488747995812445879e-04,-3.306755970697849989e-04
1.265306122448979664e+01,5.714285714285714413e+00,-2.142547455150634050e-04,-3.383353177923709154e-04
1.265306122448979664e+01,6.122448979591837315e+00,-1.795465941540896893e-04,-3.429862845223397017e-04
1.265306122448979664e+01,6.530612244897959329e+00,-1.451216958230361342e-04,-3.447790804784744978e-04
1.265306122448979664e+01,6.938775510204081343e+00,-1.113223916036076844e-04,-3.437879495322704315e-04
1.265306122448979664e+01,7.346938775510204245e+00,-7.848044333513826132e-05,-3.401516005396842957e-04
1.265306122448979664e+01,7.755102040816327147e+00,-4.688051922130398452e-05,-3.340590337757021189e-04
1.265306122448979664e+01,8.163265306122449161e+00,-1.679226261330768466e-05,-3.257285861764103174e-04
1.265306122448979664e+01,8.571428571428571175e+00,1.156535290647298098e-05,-3.153678262606263161e-04
1.265306122448979664e+01,8.979591836734694965e+00,3.799796104431152344e-05,-3.032250097021460533e-04
1.265306122448979664e+01,9.387755102040816979e+00,6.234706233954057097e-05,-2.895406796596944332e-04
1.265306122448979664e+01,9.795918367346938993e+00,8.451661415165290236e-05,-2.745767706073820591e-04
1.265306122448979664e+01,1.020408163265306101e+01,1.044182063196785748e-04,-2.586032496765255928e-04
1.265306122448979664e+01,1.061224489795918302e+01,1.220151752931997180e-04,-2.418589137960225344e-04
1.265306122448979664e+01,1.102040816326530681e+01,1.373224076814949512e-04,-2.246238291263580322e-04
1.265306122448979664e+01,1.142857142857142883e+01,1.503602106822654605e-04,-2.071029157377779484e-04
1.265306122448979664e+01,1.183673469387755084e+01,1.611973711987957358e-04,-1.895225577754899859e-04
1.265306122448979664e+01,1.224489795918367463e+01,1.699320564512163401e-04,-1.721092849038541317e-04
1.265306122448979664e+01,1.265306122448979664e+01,1.766698987921699882e-04,-1.550049200886860490e-04
1.265306122448979664e+01,1.306122448979591866e+01,1.815551950130611658e-04,-1.383962808176875114e-04
1.265306122448979664e+01,1.346938775510204067e+01,1.847152307163923979e-04,-1.223861036123707891e-04
1.265306122448979664e+01,1.387755102040816269e+01,1.863358193077147007e-04,-1.071204314939677715e-04
1.265306122448979664e+01,1.428571428571428648e+01,1.865455560619011521e-04,-9.265901462640613317e-05
1.265306122448979664e+01,1.469387755102040849e+01,1.855144510045647621e-04,-7.905681559350341558e-05
1.265306122448979664e+01,1.510204081632653050e+01,1.834145805332809687e-04,-6.637616752414032817e-05
1.265306122448979664e+01,1.551020408163265429e+01,1.803996128728613257e-04,-5.462535773403942585e-05
1.265306122448979664e+01,1.591836734693877631e+01,1.765990746207535267e-04,-4.380411701276898384e-05
1.265306122448979664e+01,1.632653061224489832e+01,1.721599110169336200e-04,-3.392480357433669269e-05
1.265306122448979664e+01,1.673469387755102034e+01,1.672079670242965221e-04,-2.493304964445997030e-05
1.265306122448979664e+01,1.714285714285714235e+01,1.618650276213884354e-04,-1.683615118963643909e-05
1.265306122448979664e+01,1.755102040816326436e+01,1.562168326927348971e-04,-9.548290108796209097e-06
1.265306122448979664e+01,1.795918367346938993e+01,1.503654930274933577e-04,-3.067894795094616711e-06
1.265306122448979664e+01,1.836734693877551194e+01,1.443833170924335718e-04,2.679329554666765034e-06
1.265306122448979664e+01,1.877551020408163396e+01,1.383610506309196353e-04,7.728214768576435745e-06
1.265306122448979664e+01,1.918367346938775597e+01,1.323246688116341829e-04,1.214850271935574710e-05
1.265306122448979664e+01,1.959183673469387799e+01,1.263592712348327041e-04,1.596371475898195058e-05
1.265306122448979664e+01,2.000000000000000000e+01,1.204640357173047960e-04,1.925995456986129284e-05
1.346938775510204067e+01,0.000000000000000000e+00,-4.325740155763924122e-04,-1.455191522836685181e-11
1.346938775510204067e+01,4.081632653061224580e-01,-4.310478980187326670e-04,-2.789306745398789644e-05
1.346938775510204067e+01,8.163265306122449161e-01,-4.264761519152671099e-04,-5.549256820813752711e-05
1.346938775510204067e+01,1.224489795918367374e+00,-4.189239116385579109e-04,-8.251355029642581940e-05
1.346938775510204067e+01,1.632653061224489832e+00,-4.084896354470402002e-04,-1.086715637939050794e-04
1.346938775510204067e+01,2.040816326530612290e+00,-3.953069390263408422e-04,-1.336986315436661243e-04
1.346938775510204067e+01,2.448979591836734748e+00,-3.795503289438784122e-04,-1.573576446389779449e-04
1.346938775510204067e+01,2.857142857142857206e+00,-3.614190791267901659e-04,-1.794276467990130186e-04
1.346938775510204067e+01,3.265306122448979664e+00,-3.411475918255746365e-04,-1.996977225644513965e-04
1.346938775510204067e+01,3.673469387755102122e+00,-3.189829585608094931e-04,-2.180105657316744328e-04
1.346938775510204067e+01,4.081632653061224580e+00,-2.951978822238743305e-04,-2.342192019568756223e-04
1.346938775510204067e+01,4.489795918367347483e+00,-2.700611657928675413e-04,-2.482289855834096670e-04
1.346938775510204067e+01,4.897959183673469497e+00,-2.438863157294690609e-04,-2.599422005005180836e-04
1.346938775510204067e+01,5.306122448979591510e+00,-2.169535437133163214e-04,-2.693379647098481655e-04
1.346938775510204067e+01,5.714285714285714413e+00,-1.895646564662456512e-04,-2.763834199868142605e-04
1.346938775510204067e+01,6.122448979591837315e+00,-1.620073016965761781e-04,-2.811236190609633923e-04
1.346938775510204067e+01,6.530612244897959329e+00,-1.345633354503661394e-04,-2.835835621226578951e-04
1.346938775510204067e+01,6.938775510204081343e+00,-1.074875035556033254e-04,-2.838719519786536694e-04
1.346938775510204067e+01,7.346938775510204245e+00,-8.104117296170443296e-05,-2.820774388965219259e-04
1.346938775510204067e+01,7.755102040816327147e+00,-5.545064777834340930e-05,-2.783160889521241188e-04
1.346938775510204067e+01,8.163265306122449161e+00,-3.092341648880392313e-05,-2.727367682382464409e-04
1.346938775510204067e+01,8.571428571428571175e+00,-7.642454875167459249e-06,-2.654986456036567688e-04
1.346938775510204067e+01,8.979591836734694965e+00,1.424870424671098590e-05,-2.568033814895898104e-04
1.346938775510204067e+01,9.387755102040816979e+00,3.460716106928884983e-05,-2.468052261974662542e-04
1.346938775510204067e+01,9.795918367346938993e+00,5.335139576345682144e-05,-2.357127377763390541e-04
1.346938775510204067e+01,1.020408163265306101e+01,7.040185300866141915e-05,-2.237151056760922074e-04
1.346938775510204067e+01,1.061224489795918302e+01,8.571855141781270504e-05,-2.110060886479914188e-04
1.346938775510204067e+01,1.102040816326530681e+01,9.928563667926937342e-05,-1.977664069272577763e-04
1.346938775510204067e+01,1.142857142857142883e+01,1.111190504161641002e-04,-1.841858611442148685e-04
1.346938775510204067e+01,1.183673469387755084e+01,1.212420756928622723e-04,-1.704263850115239620e-04
1.346938775510204067e+01,1.224489795918367463e+01,1.297203998547047377e-04,-1.566493447171524167e-04
1.346938775510204067e+01,1.265306122448979664e+01,1.366164360661059618e-04,-1.430016855010762811e-04
1.346938775510204067e+01,1.306122448979591866e+01,1.420179323758929968e-04,-1.296033442486077547e-04
1.346938775510204067e+01,1.346938775510204067e+01,1.460334315197542310e-04,-1.165820067399181426e-04
1.346938775510204067e+01,1.387755102040816269e+01,1.487555273342877626e-04,-1.040084171108901501e-04
1.346938775510204067e+01,1.428571428571428648e+01,1.503139355918392539e-04,-9.198076440952718258e-05
1.346938775510204067e+01,1.469387755102040849e+01,1.508081186329945922e-04,-8.054008503677323461e-05
1.346938775510204067e+01,1.510204081632653050e+01,1.503453240729868412e-04,-6.974427378736436367e-05
1.346938775510204067e+01,1.551020408163265429e+01,1.490712602389976382e-04,-5.961964052403345704e-05
1.346938775510204067e+01,1.591836734693877631e+01,1.470674324082210660e-04,-5.017963849240913987e-05
1.346938775510204067e+01,1.632653061224489832e+01,1.444463268853724003e-04,-4.143087426200509071e-05
1.346938775510204067e+01,1.673469387755102034e+01,1.413123682141304016e-04,-3.337504676892422140e-05
1.346938775510204067e+01,1.714285714285714235e+01,1.377588341711089015e-04,-2.600993684609420598e-05
1.346938775510204067e+01,1.755102040816326436e+01,1.338678412139415741e-04,-1.928342680912464857e-05
1.346938775510204067e+01,1.795918367346938993e+01,1.297050621360540390e-04,-1.319369766861200333e-05
1.346938775510204067e+01,1.836734693877551194e+01,1.253505033673718572e-04,-7.704473318881355226e-06
1.346938775510204067e+01,1.877551020408163396e+01,1.208564572152681649e-04,-2.789625796140171587e-06
1.346938775510204067e+01,1.918367346938775597e+01,1.162972112069837749e-04,1.587859514984302223e-06
1.346938775510204067e+01,1.959183673469387799e+01,1.116918283514678478e-04,5.465708454721607268e-06
1.346938775510204067e+01,2.000000000000000000e+01,1.070934376912191510e-04,8.874183549778535962e-06
1.428571428571428470e+01,0.000000000000000000e+00,-3.591096319723874331e-04,0.000000000000000000e+00
1.428571428571428470e+01,4.081632653061224580e-01,-3.579184412956237793e-04,-2.248128657811321318e-05
1.428571428571428470e+01,8.163265306122449161e-01,-3.543515631463378668e-04,-4.474024171940982342e-05
1.428571428571428470e+01,1.224489795918367374e+00,-3.484556218609213829e-04,-6.655083416262641549e-05
1.428571428571428470e+01,1.632653061224489832e+00,-3.403064620215445757e-04,-8.771898865234106779e-05
1.428571428571428470e+01,2.040816326530612290e+00,-3.300110111013054848e-04,-1.079961512004956603e-04
1.428571428571428470e+01,2.448979591836734748e+00,-3.176853060722351074e-04,-1.272658992093056440e-04
1.428571428571428470e+01,2.857142857142857206e+00,-3.034826950170099735e-04,-1.452864671591669321e-04
1.428571428571428470e+01,3.265306122448979664e+00,-2.875757054425776005e-04,-1.619392278371378779e-04
1.428571428571428470e+01,3.673469387755102122e+00,-2.701497869566082954e-04,-1.770913513610139489e-04
1.428571428571428470e+01,4.081632653061224580e+00,-2.514140796847641468e-04,-1.906103861983865499e-04
1.428571428571428470e+01,4.489795918367347483e+00,-2.315700985491275787e-04,-2.024369750870391726e-04
1.428571428571428470e+01,4.897959183673469497e+00,-2.108512126142159104e-04,-2.124950260622426867e-04
1.428571428571428470e+01,5.306122448979591510e+00,-1.894673041533678770e-04,-2.207284851465374231e-04
1.428571428571428470e+01,5.714285714285714413e+00,-1.676501997280865908e-04,-2.271495177410542965e-04
1.428571428571428470e+01,6.122448979591837315e+00,-1.456264435546472669e-04,-2.317509497515857220e-04
1.428571428571428470e+01,6.530612244897959329e+00,-1.236055395565927029e-04,-2.345570246689021587e-04
1.428571428571428470e+01,6.938775510204081343e+00,-1.017895483528263867e-04,-2.356417098781093955e-04
1.428571428571428470e+01,7.346938775510204245e+00,-8.036942745093256235e-05,-2.350653230678290129e-04
1.428571428571428470e+01,7.755102040816327147e+00,-5.954324296908453107e-05,-2.329069247934967279e-04
1.428571428571428470e+01,8.163265306122449161e+00,-3.946310607716441154e-05,-2.292910794494673610e-04
1.428571428571428470e+01,8.571428571428571175e+00,-2.026532456511631608e-05,-2.243286580778658390e-04
1.428571428571428470e+01,8.979591836734694965e+00,-2.081877028103917837e-06,-2.181417075917124748e-04
1.428571428571428470e+01,9.387755102040816979e+00,1.497580524301156402e-05,-2.108672051690518856e-04
1.428571428571428470e+01,9.795918367346938993e+00,3.083232149947434664e-05,-2.026477450272068381e-04
1.428571428571428470e+01,1.020408163265306101e+01,4.541550151770934463e-05,-1.936434273375198245e-04
1.428571428571428470e+01,1.061224489795918302e+01,5.869435335625894368e-05,-1.839826436480507255e-04
1.428571428571428470e+01,1.102040816326530681e+01,7.063324301270768046e-05,-1.738150313030928373e-04
1.428571428571428470e+01,1.142857142857142883e+01,8.123679435811936855e-05,-1.632692874409258366e-04
1.428571428571428470e+01,1.183673469387755084e+01,9.051260713022202253e-05,-1.524908730061724782e-04
1.428571428571428470e+01,1.224489795918367463e+01,9.849831985775381327e-05,-1.415944425389170647e-04
1.428571428571428470e+01,1.265306122448979664e+01,1.052299485309049487e-04,-1.306965859839692712e-04
1.428571428571428470e+01,1.306122448979591866e+01,1.107745920307934284e-04,-1.199110774905420840e-04
1.428571428571428470e+01,1.346938775510204067e+01,1.151689793914556503e-04,-1.093087412300519645e-04
1.428571428571428470e+01,1.387755102040816269e+01,1.185131113743409514e-04,-9.899184806272387505e-05
1.428571428571428470e+01,1.428571428571428648e+01,1.208717585541307926e-04,-8.900336251826956868e-05
1.428571428571428470e+01,1.469387755102040849e+01,1.223421422764658928e-04,-7.942714728415012360e-05
1.428571428571428470e+01,1.510204081632653050e+01,1.229888875968754292e-04,-7.028955587884411216e-05
1.428571428571428470e+01,1.551020408163265429e+01,1.228980399901047349e-04,-6.162031058920547366e-05
1.428571428571428470e+01,1.591836734693877631e+01,1.221800193889066577e-04,-5.346477337297983468e-05
1.428571428571428470e+01,1.632653061224489832e+01,1.208697431138716638e-04,-4.580589302349835634e-05
1.428571428571428470e+01,1.673469387755102034e+01,1.190858456538990140e-04,-3.868181738653220236e-05
1.428571428571428470e+01,1.714285714285714235e+01,1.168752351077273488e-04,-3.207487316103652120e-05
1.428571428571428470e+01,1.755102040816326436e+01,1.143205881817266345e-04,-2.597314232843928039e-05
1.428571428571428470e+01,1.795918367346938993e+01,1.114838451030664146e-04,-2.038046659436076880e-05
1.428571428571428470e+01,1.836734693877551194e+01,1.083941533579491079e-04,-1.526475898572243750e-05
1.428571428571428470e+01,1.877551020408163396e+01,1.051432773238047957e-04,-1.061491002474213019e-05
1.428571428571428470e+01,1.918367346938775597e+01,1.017591857817023993e-04,-6.417117219825740904e-06
1.428571428571428470e+01,1.959183673469387799e+01,9.826193854678422213e-05,-2.621663952595554292e-06
1.428571428571428470e+01,2.000000000000000000e+01,9.473161480855196714e-05,7.738653948763385415e-07
1.510204081632652873e+01,0.000000000000000000e+00,-3.002082812599837780e-04,-7.275957614183425903e-12
1.510204081632652873e+01,4.081632653061224580e-01,-2.992726222146302462e-04,-1.824963692342862487e-05
1.510204081632652873e+01,8.163265306122449161e-01,-2.964731247629970312e-04,-3.632082734839059412e-05
1.510204081632652873e+01,1.224489795918367374e+00,-2.918391255661845207e-04,-5.404736657510511577e-05
1.510204081632652873e+01,1.632653061224489832e+00,-2.854277554433792830e-04,-7.128528523026034236e-05
1.510204081632652873e+01,2.040816326530612290e+00,-2.773217565845698118e-04,-8.784726378507912159e-05
1.510204081632652873e+01,2.448979591836734748e+00,-2.676044823601841927e-04,-1.036187750287353992e-04
1.510204081632652873e+01,2.857142857142857206e+00,-2.563957241363823414e-04,-1.184406282845884562e-04
1.510204081632652873e+01,3.265306122448979664e+00,-2.438229275867342949e-04,-1.321952295256778598e-04
1.510204081632652873e+01,3.673469387755102122e+00,-2.300285850651562214e-04,-1.447821850888431072e-04
1.510204081632652873e+01,4.081632653061224580e+00,-2.151646185666322708e-04,-1.561136887175962329e-04
1.510204081632652873e+01,4.489795918367347483e+00,-1.993956102523952723e-04,-1.661137794144451618e-04
1.510204081632652873e+01,4.897959183673469497e+00,-1.828804670367389917e-04,-1.747531496221199632e-04
1.510204081632652873e+01,5.306122448979591510e+00,-1.657945977058261633e-04,-1.819587341742590070e-04
1.510204081632652873e+01,5.714285714285714413e+00,-1.483134110458195210e-04,-1.877360482467338443e-04
1.510204081632652873e+01,6.122448979591837315e+00,-1.306005869992077351e-04,-1.920751674333587289e-04
1.510204081632652873e+01,6.530612244897959329e+00,-1.128209987655282021e-04,-1.950165024027228355e-04
1.510204081632652873e+01,6.938775510204081343e+00,-9.514538396615535021e-05,-1.965687406482174993e-04
1.510204081632652873e+01,7.346938775510204245e+00,-7.771309174131602049e-05,-1.967995194718241692e-04
1.510204081632652873e+01,7.755102040816327147e+00,-6.067291542422026396e-05,-1.957563945325091481e-04
1.510204081632652873e+01,8.163265306122449161e+00,-4.415025978232733905e-05,-1.935268519446253777e-04
1.510204081632652873e+01,8.571428571428571175e+00,-2.826814670697785914e-05,-1.901891519082710147e-04
1.510204081632652873e+01,8.979591836734694965e+00,-1.311528831138275564e-05,-1.858407194958999753e-04
1.510204081632652873e+01,9.387755102040816979e+00,1.199688995257019997e-06,-1.805804204195737839e-04
1.510204081632652873e+01,9.795918367346938993e+00,1.463097578380256891e-05,-1.745295012369751930e-04
1.510204081632652873e+01,1.020408163265306101e+01,2.710613989620469511e-05,-1.677698746789246798e-04
1.510204081632652873e+01,1.061224489795918302e+01,3.857772026094608009e-05,-1.604324934305623174e-04
1.510204081632652873e+01,1.102040816326530681e+01,4.903748049400746822e-05,-1.526191190350800753e-04
1.510204081632652873e+01,1.142857142857142883e+01,5.845846681040711701e-05,-1.444303488824516535e-04
1.510204081632652873e+01,1.183673469387755084e+01,6.684410618618130684e-05,-1.359740708721801639e-04
1.510204081632652873e+01,1.224489795918367463e+01,7.422290218528360128e-05,-1.273605594178661704e-04
1.510204081632652873e+01,1.265306122448979664e+01,8.059892570599913597e-05,-1.186621084343641996e-04
1.510204081632652873e+01,1.306122448979591866e+01,8.601680747233331203e-05,-1.099666842492297292e-04
1.510204081632652873e+01,1.346938775510204067e+01,9.051308734342455864e-05,-1.013489090837538242e-04
1.510204081632652873e+01,1.387755102040816269e+01,9.414159285370260477e-05,-9.288693399867042899e-05
1.510204081632652873e+01,1.428571428571428648e+01,9.695636254036799073e-05,-8.462979894829913974e-05
1.510204081632652873e+01,1.469387755102040849e+01,9.902074089040979743e-05,-7.663154974579811096e-05
1.510204081632652873e+01,1.510204081632653050e+01,1.003769284579902887e-04,-6.892799137858673930e-05
1.510204081632652873e+01,1.551020408163265429e+01,1.011018684948794544e-04,-6.155412120278924704e-05
1.510204081632652873e+01,1.591836734693877631e+01,1.012650900520384312e-04,-5.454548590932972729e-05
1.510204081632652873e+01,1.632653061224489832e+01,1.009012339636683464e-04,-4.790713137481361628e-05
1.510204081632652873e+01,1.673469387755102034e+01,1.000929332803934813e-04,-4.165700374869629741e-05
1.510204081632652873e+01,1.714285714285714235e+01,9.888385829981416464e-05,-3.580444172257557511e-05
1.510204081632652873e+01,1.755102040816326436e+01,9.733779734233394265e-05,-3.034277324331924319e-05
1.510204081632652873e+01,1.795918367346938993e+01,9.549966489430516958e-05,-2.527614924474619329e-05
1.510204081632652873e+01,1.836734693877551194e+01,9.341361146653071046e-05,-2.059161124634556472e-05
1.510204081632652873e+01,1.877551020408163396e+01,9.113206033362075686e-05,-1.628308564249891788e-05
1.510204081632652873e+01,1.918367346938775597e+01,8.868140139384195209e-05,-1.233206603501457721e-05
1.510204081632652873e+01,1.959183673469387799e+01,8.610978693468496203e-05,-8.723903192731086165e-06
1.510204081632652873e+01,2.000000000000000000e+01,8.344956586370244622e-05,-5.453724043036345392e-06
1.591836734693877986e+01,0.000000000000000000e+00,-2.526243624743074179e-04,-3.637978807091712952e-12
1.591836734693877986e+01,4.081632653061224580e-01,-2.518781984690576792e-04,-1.490426438977010548e-05
1.591836734693877986e+01,8.163265306122449161e-01,-2.496587694622576237e-04,-2.967654654639773071e-05
1.591836734693877986e+01,1.224489795918367374e+00,-2.459928218740969896e-04,-4.418695243657566607e-05
1.591836734693877986e+01,1.632653061224489832e+00,-2.409113658359274268e-04,-5.830689042340964079e-05
1.591836734693877986e+01,2.040816326530612290e+00,-2.344821987207978964e-04,-7.192241901066154242e-05
1.591836734693877986e+01,2.448979591836734748e+00,-2.267731761094182730e-04,-8.489740866934880614e-05
1.591836734693877986e+01,2.857142857142857206e+00,-2.178648137487471104e-04,-9.715068154036998749e-05
1.591836734693877986e+01,3.265306122448979664e+00,-2.078610996250063181e-04,-1.085848634829744697e-04
1.591836734693877986e+01,3.673469387755102122e+00,-1.968657743418589234e-04,-1.191020346595905721e-04
1.591836734693877986e+01,4.081632653061224580e+00,-1.849955588113516569e-04,-1.286209881072863936e-04
1.591836734693877986e+01,4.489795918367347483e+00,-1.723782625049352646e-04,-1.371263060718774796e-04
1.591836734693877986e+01,4.897959183673469497e+00,-1.591314794495701790e-04,-1.445343805244192481e-04
1.591836734693877986e+01,5.306122448979591510e+00,-1.453925797250121832e-04,-1.508483255747705698e-04
1.591836734693877986e+01,5.714285714285714413e+00,-1.312931126449257135e-04,-1.560074015287682414e-04
1.591836734693877986e+01,6.122448979591837315e+00,-1.169660390587523580e-04,-1.600525283720344305e-04
1.591836734693877986e+01,6.530612244897959329e+00,-1.025365709210745990e-04,-1.629628968657925725e-04
1.591836734693877986e+01,6.938775510204081343e+00,-8.813963358988985419e-05,-1.647568860789760947e-04
1.591836734693877986e+01,7.346938775510204245e+00,-7.387482764897868037e-05,-1.655007945373654366e-04
1.591836734693877986e+01,7.755102040816327147e+00,-5.986994437989778817e-05,-1.652185019338503480e-04
1.591836734693877986e+01,8.163265306122449161e+00,-4.621714469976723194e-05,-1.639721158426254988e-04
1.591836734693877986e+01,8.571428571428571175e+00,-3.302704863017424941e-05,-1.618045207578688860e-04
1.591836734693877986e+01,8.979591836734694965e+00,-2.036306250374764204e-05,-1.588048035046085715e-04
1.591836734693877986e+01,9.387755102040816979e+00,-8.313902071677148342e-06,-1.550372981000691652e-04
1.591836734693877986e+01,9.795918367346938993e+00,3.071585524594411254e-06,-1.505944674136117101e-04
1.591836734693877986e+01,1.020408163265306101e+01,1.373797567794099450e-05,-1.455387100577354431e-04
1.591836734693877986e+01,1.061224489795918302e+01,2.364115061936900020e-05,-1.399727480020374060e-04
1.591836734693877986e+01,1.102040816326530681e+01,3.276512143202126026e-05,-1.339731097687035799e-04
1.591836734693877986e+01,1.142857142857142883e+01,4.108939174329861999e-05,-1.276198599953204393e-04
1.591836734693877986e+01,1.183673469387755084e+01,4.860440458287484944e-05,-1.209878755616955459e-04
1.591836734693877986e+01,1.224489795918367463e+01,5.532448631129227579e-05,-1.141667526098899543e-04
1.591836734693877986e+01,1.265306122448979664e+01,6.124975334387272596e-05,-1.072179875336587429e-04
1.591836734693877986e+01,1.306122448979591866e+01,6.639970524702221155e-05,-1.002156204776838422e-04
1.591836734693877986e+01,1.346938775510204067e+01,7.081392686814069748e-05,-9.322687401436269283e-05
1.591836734693877986e+01,1.387755102040816269e+01,7.450672273989766836e-05,-8.628641080576926470e-05
1.591836734693877986e+01,1.428571428571428648e+01,7.753762474749237299e-05,-7.947587437229231000e-05
1.591836734693877986e+01,1.469387755102040849e+01,7.992149767233058810e-05,-7.280088902916759253e-05
1.591836734693877986e+01,1.510204081632653050e+01,8.172424713848158717e-05,-6.633178418269380927e-05
1.591836734693877986e+01,1.551020408163265429e+01,8.297788008349016309e-05,-6.008755008224397898e-05
1.591836734693877986e+01,1.591836734693877631e+01,8.372860611416399479e-05,-5.408983997767791152e-05
1.591836734693877986e+01,1.632653061224489832e+01,8.403594256378710270e-05,-4.837092274101451039e-05
1.591836734693877986e+01,1.673469387755102034e+01,8.391628216486424208e-05,-4.292570520192384720e-05
1.591836734693877986e+01,1.714285714285714235e+01,8.344772504642605782e-05,-3.779038888751529157e-05
1.591836734693877986e+01,1.755102040816326436e+01,8.265434007626026869e-05,-3.294517227914184332e-05
1.591836734693877986e+01,1.795918367346938993e+01,8.157789852702990174e-05,-2.840713568730279803e-05
1.591836734693877986e+01,1.836734693877551194e+01,8.026017167139798403e-05,-2.417820178379770368e-05
1.591836734693877986e+01,1.877551020408163396e+01,7.873153663240373135e-05,-2.023336492129601538e-05
1.591836734693877986e+01,1.918367346938775597e+01,7.703786104684695601e-05,-1.659033296164125204e-05
1.591836734693877986e+01,1.959183673469387799e+01,7.519705104641616344e-05,-1.322674688708502799e-05
1.591836734693877986e+01,2.000000000000000000e+01,7.324109901674091816e-05,-1.012515622278442606e-05
1.673469387755102389e+01,0.000000000000000000e+00,-2.138791605830192566e-04,-7.275957614183425903e-12
1.673469387755102389e+01,4.081632653061224580e-01,-2.132870431523770094e-04,-1.224537845700979233e-05
1.673469387755102389e+01,8.163265306122449161e-01,-2.115198294632136822e-04,-2.440057141939178109e-05
1.673469387755102389e+01,1.224489795918367374e+00,-2.085935993818566203e-04,-3.635309258243069053e-05
1.673469387755102389e+01,1.632653061224489832e+00,-2.045447763521224260e-04,-4.799496309715323150e-05
1.673469387755102389e+01,2.040816326530612290e+00,-1.994108752114698291e-04,-5.923345452174544334e-05
1.673469387755102389e+01,2.448979591836734748e+00,-1.932501181727275252e-04,-6.998815661063417792e-05
1.673469387755102389e+01,2.857142857142857206e+00,-1.861269120126962662e-04,-8.017935033421963453e-05
1.673469387755102389e+01,3.265306122448979664e+00,-1.781088358256965876e-04,-8.971942588686943054e-05
1.673469387755102389e+01,3.673469387755102122e+00,-1.692945661488920450e-04,-9.853563824435696006e-05
1.673469387755102389e+01,4.081632653061224580e+00,-1.597507216501981020e-04,-1.065948235918767750e-04
1.673469387755102389e+01,4.489795918367347483e+00,-1.495919132139533758e-04,-1.138317893492057920e-04
1.673469387755102389e+01,4.897959183673469497e+00,-1.389035169268026948e-04,-1.202142957481555641e-04
1.673469387755102389e+01,5.306122448979591510e+00,-1.277902047149837017e-04,-1.257207331946119666e-04
1.673469387755102389e+01,5.714285714285714413e+00,-1.163537162938155234e-04,-1.303207682212814689e-04
1.673469387755102389e+01,6.122448979591837315e+00,-1.047019759425893426e-04,-1.340271992376074195e-04
1.673469387755102389e+01,6.530612244897959329e+00,-9.292765025747939944e-05,-1.368211087537929416e-04
1.673469387755102389e+01,6.938775510204081343e+00,-8.112777140922844410e-05,-1.387422234984114766e-04
1.673469387755102389e+01,7.346938775510204245e+00,-6.940844468772411346e-05,-1.397912419633939862e-04
1.673469387755102389e+01,7.755102040816327147e+00,-5.784571112599223852e-05,-1.400086912326514721e-04
1.673469387755102389e+01,8.163265306122449161e+00,-4.652602729038335383e-05,-1.394332211930304766e-04
1.673469387755102389e+01,8.571428571428571175e+00,-3.552325870259664953e-05,-1.381173351546749473e-04
1.673469387755102389e+01,8.979591836734694965e+00,-2.491234045010060072e-05,-1.360993046546354890e-04
1.673469387755102389e+01,9.387755102040816979e+00,-1.474813689128495753e-05,-1.334419212071225047e-04
1.673469387755102389e+01,9.795918367346938993e+00,-5.079407856101170182e-06,-1.302028103964403272e-04
1.673469387755102389e+01,1.020408163265306101e+01,4.046378307975828648e-06,-1.264452148461714387e-04
1.673469387755102389e+01,1.061224489795918302e+01,1.259021155419759452e-05,-1.222347054863348603e-04
1.673469387755102389e+01,1.102040816326530681e+01,2.053476782748475671e-05,-1.176342993858270347e-04
1.673469387755102389e+01,1.142857142857142883e+01,2.786095501505769789e-05,-1.127030263887718320e-04
1.673469387755102389e+01,1.183673469387755084e+01,3.455334081081673503e-05,-1.075059917639009655e-04
1.673469387755102389e+01,1.224489795918367463e+01,4.061180879944004118e-05,-1.021060015773400664e-04
1.673469387755102389e+01,1.265306122448979664e+01,4.603382330969907343e-05,-9.655553731136023998e-05
1.673469387755102389e+01,1.306122448979591866e+01,5.084870281280018389e-05,-9.091706306207925081e-05
1.673469387755102389e+01,1.346938775510204067e+01,5.505730587174184620e-05,-8.524450822733342648e-05
1.673469387755102389e+01,1.387755102040816269e+01,5.868792140972800553e-05,-7.957228081068024039e-05
1.673469387755102389e+01,1.428571428571428648e+01,6.175410817377269268e-05,-7.394430576823651791e-05
1.673469387755102389e+01,1.469387755102040849e+01,6.429798668250441551e-05,-6.840461719548329711e-05
1.673469387755102389e+01,1.510204081632653050e+01,6.633940211031585932e-05,-6.298221705947071314e-05
1.673469387755102389e+01,1.551020408163265429e+01,6.792025669710710645e-05,-5.770934876636601985e-05
1.673469387755102389e+01,1.591836734693877631e+01,6.906055205035954714e-05,-5.260265606921166182e-05
1.673469387755102389e+01,1.632653061224489832e+01,6.981064507272094488e-05,-4.768897997564636171e-05
1.673469387755102389e+01,1.673469387755102034e+01,7.019811164354905486e-05,-4.298347630538046360e-05
1.673469387755102389e+01,1.714285714285714235e+01,7.025457307463511825e-05,-3.849740824080072343e-05
1.673469387755102389e+01,1.755102040816326436e+01,7.001425547059625387e-05,-3.423589805606752634e-05
1.673469387755102389e+01,1.795918367346938993e+01,6.951361865503713489e-05,-3.021285738213919103e-05
1.673469387755102389e+01,1.836734693877551194e+01,6.877914711367338896e-05,-2.641795254021417350e-05
1.673469387755102389e+01,1.877551020408163396e+01,6.784559082007035613e-05,-2.286178096255753189e-05
1.673469387755102389e+01,1.918367346938775597e+01,6.673156894976273179e-05,-1.953117134689819068e-05
1.673469387755102389e+01,1.959183673469387799e+01,6.546618533320724964e-05,-1.643173527554608881e-05
1.673469387755102389e+01,2.000000000000000000e+01,6.408226909115910530e-05,-1.356133452645735815e-05
1.755102040816326792e+01,0.000000000000000000e+00,-1.821286859922111034e-04,0.000000000000000000e+00
1.755102040816326792e+01,4.081632653061224580e-01,-1.816521980799734592e-04,-1.013941437122412026e-05
1.755102040816326792e+01,8.163265306122449161e-01,-1.802311162464320660e-04,-2.018917075474746525e-05
1.755102040816326792e+01,1.224489795918367374e+00,-1.778871519491076469e-04,-3.007905979757197201e-05
1.755102040816326792e+01,1.632653061224489832e+00,-1.746333437040448189e-04,-3.973718048655427992e-05
1.755102040816326792e+01,2.040816326530612290e+00,-1.705088216112926602e-04,-4.907951370114460588e-05
1.755102040816326792e+01,2.448979591836734748e+00,-1.655539381317794323e-04,-5.803969906992278993e-05
1.755102040816326792e+01,2.857142857142857206e+00,-1.598207600181922317e-04,-6.655354809481650591e-05
1.755102040816326792e+01,3.265306122448979664e+00,-1.533585600554943085e-04,-7.455168815795332193e-05
1.755102040816326792e+01,3.673469387755102122e+00,-1.462383515900000930e-04,-8.199660805985331535e-05
1.755102040816326792e+01,4.081632653061224580e+00,-1.385280193062499166e-04,-8.881609392119571567e-05
1.755102040816326792e+01,4.489795918367347483e+00,-1.302977761952206492e-04,-9.500583837507292628e-05
1.755102040816326792e+01,4.897959183673469497e+00,-1.216223317896947265e-04,-1.005087251542136073e-04
1.755102040816326792e+01,5.306122448979591510e+00,-1.125798662542365491e-04,-1.053193991538137197e-04
1.755102040816326792e+01,5.714285714285714413e+00,-1.032542641041800380e-04,-1.094003382604569197e-04
1.755102040816326792e+01,6.122448979591837315e+00,-9.372849308419972658e-05,-1.127641371567733586e-04
1.755102040816326792e+01,6.530612244897959329e+00,-8.406864071730524302e-05,-1.154071505879983306e-04
1.755102040816326792e+01,6.938775510204081343e+00,-7.436207670252770185e-05,-1.173360506072640419e-04
1.755102040816326792e+01,7.346938775510204245e+00,-6.468104402301833034e-05,-1.185547735076397657e-04
1.755102040816326792e+01,7.755102040816327147e+00,-5.509030597750097513e-05,-1.191030823974870145e-04
1.755102040816326792e+01,8.163265306122449161e+00,-4.566645657178014517e-05,-1.189991744467988610e-04
1.755102040816326792e+01,8.571428571428571175e+00,-3.646214827313087881e-05,-1.182855557999573648e-04
1.755102040816326792e+01,8.979591836734694965e+00,-2.754149500105995685e-05,-1.169756578747183084e-04
1.755102040816326792e+01,9.387755102040816979e+00,-1.894462184282019734e-05,-1.151490650954656303e-04
1.755102040816326792e+01,9.795918367346938993e+00,-1.072392842615954578e-05,-1.128072253777645528e-04
1.755102040816326792e+01,1.020408163265306101e+01,-2.907963789766654372e-06,-1.100406007026322186e-04
1.755102040816326792e+01,1.061224489795918302e+01,4.464054654818028212e-06,-1.068695346475578845e-04
1.755102040816326792e+01,1.102040816326530681e+01,1.137124127126298845e-05,-1.033487860695458949e-04
1.755102040816326792e+01,1.142857142857142883e+01,1.780024831532500684e-05,-9.952999243978410959e-05
1.755102040816326792e+01,1.183673469387755084e+01,2.372951348661445081e-05,-9.545891953166574240e-05
1.755102040816326792e+01,1.224489795918367463e+01,2.915475488407537341e-05,-9.118579328060150146e-05
1.755102040816326792e+01,1.265306122448979664e+01,3.408507109270431101e-05,-8.675488061271607876e-05
1.755102040816326792e+01,1.306122448979591866e+01,3.852168811135925353e-05,-8.222411997849121690e-05
1.755102040816326792e+01,1.346938775510204067e+01,4.247285687597468495e-05,-7.762072345940396190e-05
1.755102040816326792e+01,1.387755102040816269e+01,4.593303310684859753e-05,-7.297108095372095704e-05
1.755102040816326792e+01,1.428571428571428648e+01,4.894677476841025054e-05,-6.833811494288966060e-05
1.755102040816326792e+01,1.469387755102040849e+01,5.151308141648769379e-05,-6.374251097440719604e-05
1.755102040816326792e+01,1.510204081632653050e+01,5.367073026718571782e-05,-5.920560579397715628e-05
1.755102040816326792e+01,1.551020408163265429e+01,5.542470171349123120e-05,-5.476152000483125448e-05
1.755102040816326792e+01,1.591836734693877631e+01,5.680748290615156293e-05,-5.043322016717866063e-05
1.755102040816326792e+01,1.632653061224489832e+01,5.785168104921467602e-05,-4.623333006747998297e-05
1.755102040816326792e+01,1.673469387755102034e+01,5.857336509507149458e-05,-4.217511741444468498e-05
1.755102040816326792e+01,1.714285714285714235e+01,5.900118412682786584e-05,-3.827697219094261527e-05
1.755102040816326792e+01,1.755102040816326436e+01,5.916839290875941515e-05,-3.455657497397623956e-05
1.755102040816326792e+01,1.795918367346938993e+01,5.908746970817446709e-05,-3.100594040006399155e-05
1.755102040816326792e+01,1.836734693877551194e+01,5.879489981452934444e-05,-2.763396332738921046e-05
1.755102040816326792e+01,1.877551020408163396e+01,5.830826921737752855e-05,-2.444566780468448997e-05
1.755102040816326792e+01,1.918367346938775597e+01,5.764770685345865786e-05,-2.143826350220479071e-05
1.755102040816326792e+01,1.959183673469387799e+01,5.683999188477173448e-05,-1.862039061961695552e-05
1.755102040816326792e+01,2.000000000000000000e+01,5.590521323028951883e-05,-1.597826121724210680e-05
1.836734693877551194e+01,0.000000000000000000e+00,-1.559260417707264423e-04,-3.637978807091712952e-12
1.836734693877551194e+01,4.081632653061224580e-01,-1.555420312797650695e-04,-8.425544365309178829e-06
1.836734693877551194e+01,8.163265306122449161e-01,-1.543985708849504590e-04,-1.679754132055677474e-05
1.836734693877551194e+01,1.224489795918367374e+00,-1.525011321064084768e-04,-2.503456926206126809e-05
1.836734693877551194e+01,1.632653061224489832e+00,-1.498760830145329237e-04,-3.308704617666080594e-05
1.836734693877551194e+01,2.040816326530612290e+00,-1.465432869736105204e-04,-4.088848800165578723e-05
1.836734693877551194e+01,2.448979591836734748e+00,-1.425345108145847917e-04,-4.839305620407685637e-05
1.836734693877551194e+01,2.857142857142857206e+00,-1.378895831294357777e-04,-5.553926894208416343e-05
1.836734693877551194e+01,3.265306122448979664e+00,-1.326512428931891918e-04,-6.228668644325807691e-05
1.836734693877551194e+01,3.673469387755102122e+00,-1.268704509129747748e-04,-6.857998960185796022e-05
1.836734693877551194e+01,4.081632653061224580e+00,-1.205997541546821594e-04,-7.439871842507272959e-05
1.836734693877551194e+01,4.489795918367347483e+00,-1.138944790000095963e-04,-7.969294529175385833e-05
1.836734693877551194e+01,4.897959183673469497e+00,-1.068135316018015146e-04,-8.445601270068436861e-05
1.836734693877551194e+01,5.306122448979591510e+00,-9.941895405063405633e-05,-8.865356358001008630e-05
1.836734693877551194e+01,5.714285714285714413e+00,-9.177713218377903104e-05,-9.227081318385899067e-05
1.836734693877551194e+01,6.122448979591837315e+00,-8.393987081944942474e-05,-9.531575051369145513e-05
1.836734693877551194e+01,6.530612244897959329e+00,-7.598142838105559349e-05,-9.776501974556595087e-05
1.836734693877551194e+01,6.938775510204081343e+00,-6.795549415983259678e-05,-9.964386845240369439e-05
1.836734693877551194e+01,7.346938775510204245e+00,-5.992568185320124030e-05,-1.009442057693377137e-04
1.836734693877551194e+01,7.755102040816327147e+00,-5.193957986193709075e-05,-1.017000031424686313e-04
1.836734693877551194e+01,8.163265306122449161e+00,-4.406221705721691251e-05,-1.019180126604624093e-04
1.836734693877551194e+01,8.571428571428571175e+00,-3.633806772995740175e-05,-1.016176975099369884e-04
1.836734693877551194e+01,8.979591836734694965e+00,-2.880647662095725536e-05,-1.008469480439089239e-04
1.836734693877551194e+01,9.387755102040816979e+00,-2.152059641957748681e-05,-9.961985051631927490e-05
1.836734693877551194e+01,9.795918367346938993e+00,-1.451289244869258255e-05,-9.797034726943820715e-05
1.836734693877551194e+01,1.020408163265306101e+01,-7.817174264346249402e-06,-9.593817958375439048e-05
1.836734693877551194e+01,1.061224489795918302e+01,-1.451669959351420403e-06,-9.356294322060421109e-05
1.836734693877551194e+01,1.102040816326530681e+01,4.544785042526200414e-06,-9.088145452551543713e-05
1.836734693877551194e+01,1.142857142857142883e+01,1.017786416923627257e-05,-8.792703738436102867e-05
1.836734693877551194e+01,1.183673469387755084e+01,1.541533856652677059e-05,-8.474339119857177138e-05
1.836734693877551194e+01,1.224489795918367463e+01,2.026178844971582294e-05,-8.136622636811807752e-05
1.836734693877551194e+01,1.265306122448979664e+01,2.470045728841796517e-05,-7.783477485645562410e-05
1.836734693877551194e+01,1.306122448979591866e+01,2.874691563192754984e-05,-7.418606401188299060e-05
1.836734693877551194e+01,1.346938775510204067e+01,3.240290971007198095e-05,-7.045162055874243379e-05
1.836734693877551194e+01,1.387755102040816269e+01,3.566432133084163070e-05,-6.666296394541859627e-05
1.836734693877551194e+01,1.428571428571428648e+01,3.855114482576027513e-05,-6.284871051320806146e-05
1.836734693877551194e+01,1.469387755102040849e+01,4.106517008040100336e-05,-5.903148121433332562e-05
1.836734693877551194e+01,1.510204081632653050e+01,4.323493340052664280e-05,-5.524675725609995425e-05
1.836734693877551194e+01,1.551020408163265429e+01,4.506748518906533718e-05,-5.150660581421107054e-05
1.836734693877551194e+01,1.591836734693877631e+01,4.658992838812991977e-05,-4.784275006386451423e-05
1.836734693877551194e+01,1.632653061224489832e+01,4.780642484547570348e-05,-4.425673250807449222e-05
1.836734693877551194e+01,1.673469387755102034e+01,4.874736623605713248e-05,-4.077517951373010874e-05
1.836734693877551194e+01,1.714285714285714235e+01,4.943185194861143827e-05,-3.741002365131862462e-05
1.836734693877551194e+01,1.755102040816326436e+01,4.987966531189158559e-05,-3.416448817006312311e-05
1.836734693877551194e+01,1.795918367346938993e+01,5.010713721276260912e-05,-3.104836650891229510e-05
1.836734693877551194e+01,1.836734693877551194e+01,5.013155168853700161e-05,-2.807099008350633085e-05
1.836734693877551194e+01,1.877551020408163396e+01,4.998879012418910861e-05,-2.523687362554483116e-05
1.836734693877551194e+01,1.918367346938775597e+01,4.967668792232871056e-05,-2.254307582916226238e-05
1.836734693877551194e+01,1.959183673469387799e+01,4.922139851259998977e-05,-1.999187588808126748e-05
1.836734693877551194e+01,2.000000000000000000e+01,4.864290531259030104e-05,-1.759128645062446594e-05
1.918367346938775597e+01,0.000000000000000000e+00,-1.341813767794519663e-04,3.637978807091712952e-12
1.918367346938775597e+01,4.081632653061224580e-01,-1.338705187663435936e-04,-7.054892193991690874e-06
1.918367346938775597e+01,8.163265306122449161e-01,-1.329403457930311561e-04,-1.405103466822765768e-05
1.918367346938775597e+01,1.224489795918367374e+00,-1.313999382546171546e-04,-2.094528099405579269e-05
1.918367346938775597e+01,1.632653061224489832e+00,-1.292651722906157374e-04,-2.769482853182125837e-05
1.918367346938775597e+01,2.040816326530612290e+00,-1.265551982214674354e-04,-3.425180329941213131e-05
1.918367346938775597e+01,2.448979591836734748e+00,-1.232923532370477915e-04,-4.055943645653314888e-05
1.918367346938775597e+01,2.857142857142857206e+00,-1.195092918351292610e-04,-4.658842954086139798e-05
1.918367346938775597e+01,3.265306122448979664e+00,-1.152374534285627306e-04,-5.229948874330148101e-05
1.918367346938775597e+01,3.673469387755102122e+00,-1.105170013033784926e-04,-5.765542300650849938e-05
1.918367346938775597e+01,4.081632653061224580e+00,-1.053891464835032821e-04,-6.262243550736457109e-05
1.918367346938775597e+01,4.489795918367347483e+00,-9.989942191168665886e-05,-6.717591895721852779e-05
1.918367346938775597e+01,4.897959183673469497e+00,-9.408712503500282764e-05,-7.129959703888744116e-05
1.918367346938775597e+01,5.306122448979591510e+00,-8.800862269708886743e-05,-7.496825128328055143e-05
1.918367346938775597e+01,5.714285714285714413e+00,-8.170912042260169983e-05,-7.817249570507556200e-05
1.918367346938775597e+01,6.122448979591837315e+00,-7.523936801590025425e-05,-8.091325435088947415e-05
1.918367346938775597e+01,6.530612244897959329e+00,-6.864173337817192078e-05,-8.318119216710329056e-05
1.918367346938775597e+01,6.938775510204081343e+00,-6.197910988703370094e-05,-8.496552618453279138e-05
1.918367346938775597e+01,7.346938775510204245e+00,-5.528651672648265958e-05,-8.628603245597332716e-05
1.918367346938775597e+01,7.755102040816327147e+00,-4.861483830609358847e-05,-8.715809963177889585e-05
1.918367346938775597e+01,8.163265306122449161e+00,-4.200429975753650069e-05,-8.757863542996346951e-05
1.918367346938775597e+01,8.571428571428571175e+00,-3.549816756276413798e-05,-8.758241892792284489e-05
1.918367346938775597e+01,8.979591836734694965e+00,-2.913645766966510564e-05,-8.718360913917422295e-05
1.918367346938775597e+01,9.387755102040816979e+00,-2.294348996656481177e-05,-8.639992302050814033e-05
1.918367346938775597e+01,9.795918367346938993e+00,-1.696104664006270468e-05,-8.526189776603132486e-05
1.918367346938775597e+01,1.020408163265306101e+01,-1.120443266700021923e-05,-8.379829523619264364e-05
1.918367346938775597e+01,1.061224489795918302e+01,-5.710649929824285209e-06,-8.203271863749250770e-05
1.918367346938775597e+01,1.102040816326530681e+01,-4.929861461278051138e-07,-8.000023808563128114e-05
1.918367346938775597e+01,1.142857142857142883e+01,4.433033609529957175e-06,-7.772644312353804708e-05
1.918367346938775597e+01,1.183673469387755084e+01,9.054929250851273537e-06,-7.523962267441675067e-05
1.918367346938775597e+01,1.224489795918367463e+01,1.336399145657196641e-05,-7.257979450514540076e-05
1.918367346938775597e+01,1.265306122448979664e+01,1.734398756525479257e-05,-6.976290751481428742e-05
1.918367346938775597e+01,1.306122448979591866e+01,2.101564496115315706e-05,-6.683880201308056712e-05
1.918367346938775597e+01,1.346938775510204067e+01,2.436589056742377579e-05,-6.381174898706376553e-05
1.918367346938775597e+01,1.387755102040816269e+01,2.739527008088771254e-05,-6.071740426705218852e-05
1.918367346938775597e+01,1.428571428571428648e+01,3.011175795109011233e-05,-5.757664621341973543e-05
1.918367346938775597e+01,1.469387755102040849e+01,3.252485839766450226e-05,-5.441420580609701574e-05
1.918367346938775597e+01,1.510204081632653050e+01,3.464601468294858932e-05,-5.125961979501880705e-05
1.918367346938775597e+01,1.551020408163265429e+01,3.648884739959612489e-05,-4.812235420104116201e-05
1.918367346938775597e+01,1.591836734693877631e+01,3.806272798101417720e-05,-4.502354931901209056e-05
1.918367346938775597e+01,1.632653061224489832e+01,3.937481233151629567e-05,-4.197842281428165734e-05
1.918367346938775597e+01,1.673469387755102034e+01,4.045235255034640431e-05,-3.899568400811403990e-05
1.918367346938775597e+01,1.714285714285714235e+01,4.130616434849798679e-05,-3.609461782616563141e-05
1.918367346938775597e+01,1.755102040816326436e+01,4.194603752694092691e-05,-3.327704325783997774e-05
1.918367346938775597e+01,1.795918367346938993e+01,4.239420377416536212e-05,-3.056018977076746523e-05
1.918367346938775597e+01,1.836734693877551194e+01,4.265577445039525628e-05,-2.793923704302869737e-05
1.918367346938775597e+01,1.877551020408163396e+01,4.276369145372882485e-05,-2.543043592595495284e-05
1.918367346938775597e+01,1.918367346938775597e+01,4.271150100976228714e-05,-2.303259498148690909e-05
1.918367346938775597e+01,1.959183673469387799e+01,4.253747465554624796e-05,-2.075452175631653517e-05
1.918367346938775597e+01,2.000000000000000000e+01,4.223627183819189668e-05,-1.858268660726025701e-05
2.000000000000000000e+01,0.000000000000000000e+00,-1.159968669526278973e-04,3.637978807091712952e-12
2.000000000000000000e+01,4.081632653061224580e-01,-1.157450606115162373e-04,-5.923891876591369510e-06
2.000000000000000000e+01,8.163265306122449161e-01,-1.149975869338959455e-04,-1.180797698907554150e-05
2.000000000000000000e+01,1.224489795918367374e+00,-1.137433937401510775e-04,-1.760863233357667923e-05
2.000000000000000000e+01,1.632653061224489832e+00,-1.119980879593640566e-04,-2.330136157979723066e-05
2.000000000000000000e+01,2.040816326530612290e+00,-1.097831991501152515e-04,-2.883186243707314134e-05
2.000000000000000000e+01,2.448979591836734748e+00,-1.071148144546896219e-04,-3.417090556467883289e-05
2.000000000000000000e+01,2.857142857142857206e+00,-1.040178467519581318e-04,-3.927575744455680251e-05
2.000000000000000000e+01,3.265306122448979664e+00,-1.005161175271496177e-04,-4.413366696098819375e-05
2.000000000000000000e+01,3.673469387755102122e+00,-9.664267417974770069e-05,-4.869237454840913415e-05
2.000000000000000000e+01,4.081632653061224580e+00,-9.242835949407890439e-05,-5.295940354699268937e-05
2.000000000000000000e+01,4.489795918367347483e+00,-8.790554420556873083e-05,-5.689206227543763816e-05
2.000000000000000000e+01,4.897959183673469497e+00,-8.311762940138578415e-05,-6.046162161510437727e-05
2.000000000000000000e+01,5.306122448979591510e+00,-7.809430098859593272e-05,-6.367668538587167859e-05
2.000000000000000000e+01,5.714285714285714413e+00,-7.288002234417945147e-05,-6.651034345850348473e-05
2.000000000000000000e+01,6.122448979591837315e+00,-6.750802276656031609e-05,-6.897069397382438183e-05
2.000000000000000000e+01,6.530612244897959329e+00,-6.202202348504215479e-05,-7.104389806045219302e-05
2.000000000000000000e+01,6.938775510204081343e+00,-5.646409408655017614e-05,-7.271917274920269847e-05
2.000000000000000000e+01,7.346938775510204245e+00,-5.086331293568946421e-05,-7.402741175610572100e-05
2.000000000000000000e+01,7.755102040816327147e+00,-4.526610428001731634e-05,-7.494767487514764071e-05
2.000000000000000000e+01,8.163265306122449161e+00,-3.969883982790634036e-05,-7.550939335487782955e-05
2.000000000000000000e+01,8.571428571428571175e+00,-3.419981294427998364e-05,-7.571367314085364342e-05
2.000000000000000000e+01,8.979591836734694965e+00,-2.880120882764458656e-05,-7.558015204267576337e-05
2.000000000000000000e+01,9.387755102040816979e+00,-2.352273622818756849e-05,-7.513312448281794786e-05
2.000000000000000000e+01,9.795918367346938993e+00,-1.840336699387989938e-05,-7.437801104970276356e-05
2.000000000000000000e+01,1.020408163265306101e+01,-1.345844430034048855e-05,-7.334240217460319400e-05
2.000000000000000000e+01,1.061224489795918302e+01,-8.719864126760512590e-06,-7.205001747934147716e-05
2.000000000000000000e+01,1.102040816326530681e+01,-4.186740625300444663e-06,-7.051046850392594934e-05
2.000000000000000000e+01,1.142857142857142883e+01,1.276621333090588450e-07,-6.877331907162442803e-05
2.000000000000000000e+01,1.183673469387755084e+01,4.200157491140998900e-06,-6.684522668365389109e-05
2.000000000000000000e+01,1.224489795918367463e+01,8.019156666705384851e-06,-6.474892143160104752e-05
2.000000000000000000e+01,1.265306122448979664e+01,1.158448685600887984e-05,-6.251499144127592444e-05
2.000000000000000000e+01,1.306122448979591866e+01,1.489742317062336951e-05,-6.016100087435916066e-05
2.000000000000000000e+01,1.346938775510204067e+01,1.793856790754944086e-05,-5.770648931502364576e-05
2.000000000000000000e+01,1.387755102040816269e+01,2.072801908070687205e-05,-5.517858880921266973e-05
2.000000000000000000e+01,1.428571428571428648e+01,2.326316280232276767e-05,-5.260566831566393375e-05
2.000000000000000000e+01,1.469387755102040849e+01,2.554528327891603112e-05,-4.999301017960533500e-05
2.000000000000000000e+01,1.510204081632653050e+01,2.758298978733364493e-05,-4.736364280688576400e-05
2.000000000000000000e+01,1.551020408163265429e+01,2.938290890597272664e-05,-4.472730142879299819e-05
2.000000000000000000e+01,1.591836734693877631e+01,3.095754800597205758e-05,-4.211267150822095573e-05
2.000000000000000000e+01,1.632653061224489832e+01,3.231194932595826685e-05,-3.952765837311744690e-05
2.000000000000000000e+01,1.673469387755102034e+01,3.346212179167196155e-05,-3.698518412420526147e-05
2.000000000000000000e+01,1.714285714285714235e+01,3.440940417931415141e-05,-3.448956340434961021e-05
2.000000000000000000e+01,1.755102040816326436e+01,3.517969162203371525e-05,-3.204928725608624518e-05
2.000000000000000000e+01,1.795918367346938993e+01,3.577461029635742307e-05,-2.968907574540935457e-05
2.000000000000000000e+01,1.836734693877551194e+01,3.620495772338472307e-05,-2.739312003541272134e-05
2.000000000000000000e+01,1.877551020408163396e+01,3.649756399681791663e-05,-2.518608744139783084e-05
2.000000000000000000e+01,1.918367346938775597e+01,3.664138421299867332e-05,-2.305737507413141429e-05
2.000000000000000000e+01,1.959183673469387799e+01,3.666322663775645196e-05,-2.101562495226971805e-05
2.000000000000000000e+01,2.000000000000000000e+01,3.657885099528357387e-05,-1.907260957523249090e-05
